business_type,years_in_business,registered,monthly_revenue_pkr,employees,premises_owned,years_at_premises,avg_monthly_inflow_pkr,avg_monthly_outflow_pkr,net_cashflow_pkr,bounced_cheques,account_age_months,has_existing_loan,existing_installment_pkr,requested_amount_pkr,debt_burden_ratio,turnover_to_loan_ratio,repaid
services,3,1,136000.0,6,1,3,113000.0,101000.0,12000.0,0,36,0,0.0,3826000.0,0.0,0.3544306452931858,1
retail_wholesale,6,0,809000.0,6,0,6,726000.0,694000.0,32000.0,0,72,0,0.0,903000.0,0.0,9.64419373542788,1
services,5,0,822000.0,4,0,5,517000.0,453000.0,64000.0,3,60,0,0.0,3491000.0,0.0,1.777273231930616,1
services,9,1,3561000.0,4,0,8,3065000.0,2360000.0,705000.0,0,60,0,0.0,1548000.0,0.0,23.752099231676468,1
retail_wholesale,2,0,333000.0,5,1,2,274000.0,238000.0,36000.0,0,24,0,0.0,7906000.0,0.0,0.4159034066413497,1
light_manufacturing,4,0,874000.0,3,0,4,461000.0,375000.0,86000.0,1,48,0,0.0,1786000.0,0.0,3.0967648668809162,1
services,8,1,889000.0,4,1,8,563000.0,461000.0,102000.0,0,96,0,0.0,3449000.0,0.0,1.9588831403597236,1
services,1,0,504000.0,3,0,1,296000.0,288000.0,8000.0,4,12,1,34000.0,1797000.0,0.11486486486486487,1.9766656357256314,0
retail_wholesale,10,0,1368000.0,5,1,5,1048000.0,815000.0,233000.0,2,30,0,0.0,7472000.0,0.0,1.683083287200671,1
food,9,0,1411000.0,2,1,2,1019000.0,847000.0,172000.0,0,71,0,0.0,1471000.0,0.0,8.31441997453781,1
retail_wholesale,7,0,902000.0,4,0,7,629000.0,468000.0,161000.0,0,84,1,186000.0,4024000.0,0.2957074721780604,1.8758880511003806,0
light_manufacturing,9,0,503000.0,1,1,8,405000.0,304000.0,101000.0,0,82,1,112000.0,2913000.0,0.2765432098765432,1.6684324415870022,1
textiles,4,1,455000.0,5,1,4,288000.0,250000.0,38000.0,0,48,0,0.0,2549000.0,0.0,1.3557823847048365,0
services,15,0,166000.0,7,0,9,108000.0,98000.0,10000.0,0,160,1,35000.0,2295000.0,0.32407407407407407,0.564808228939741,1
retail_wholesale,14,0,290000.0,3,0,9,246000.0,216000.0,30000.0,0,168,0,0.0,1340000.0,0.0,2.202390225660676,1
retail_wholesale,8,1,349000.0,2,0,8,310000.0,246000.0,64000.0,3,78,0,0.0,500000.0,0.0,7.44,1
textiles,6,1,211000.0,1,1,6,171000.0,123000.0,48000.0,0,72,1,41000.0,3811000.0,0.23976608187134502,0.5385001421948762,0
retail_wholesale,10,1,1009000.0,4,0,10,592000.0,492000.0,100000.0,1,73,0,0.0,1492000.0,0.0,4.762697890194729,0
services,3,0,2151000.0,4,0,3,1172000.0,986000.0,186000.0,0,36,1,450000.0,4035000.0,0.3839590443686007,3.485847062341277,1
textiles,9,0,262000.0,5,1,9,153000.0,140000.0,13000.0,0,108,0,0.0,2470000.0,0.0,0.7433587216367653,1
services,8,0,863000.0,5,0,1,577000.0,507000.0,70000.0,0,96,0,0.0,4109000.0,0.0,1.6848767035200976,1
retail_wholesale,4,1,231000.0,2,1,4,137000.0,129000.0,8000.0,0,48,1,44000.0,3236000.0,0.32116788321167883,0.5080627090594829,0
light_manufacturing,8,1,479000.0,2,0,8,412000.0,379000.0,33000.0,0,96,0,0.0,500000.0,0.0,9.888,1
services,15,0,326000.0,5,0,9,250000.0,201000.0,49000.0,0,180,0,0.0,2892000.0,0.0,1.0372030739303342,1
services,1,0,1187000.0,2,0,1,791000.0,694000.0,97000.0,1,12,0,0.0,1627000.0,0.0,5.832860019075237,1
retail_wholesale,2,0,330000.0,2,0,2,201000.0,183000.0,18000.0,0,24,1,41000.0,4024000.0,0.20398009950248755,0.5994770338698787,0
food,5,0,1788000.0,6,1,5,1166000.0,1129000.0,37000.0,0,52,1,207000.0,2852000.0,0.17753001715265868,4.906761049474803,0
retail_wholesale,9,0,508000.0,7,1,9,351000.0,287000.0,64000.0,1,71,0,0.0,2872000.0,0.0,1.4666912169307298,0
retail_wholesale,7,0,339000.0,2,0,1,267000.0,235000.0,32000.0,0,84,0,0.0,1699000.0,0.0,1.8862647033217237,1
services,9,0,186000.0,3,0,9,99000.0,80000.0,19000.0,0,108,0,0.0,1157000.0,0.0,1.0270470630439446,1
services,4,0,837000.0,1,0,4,703000.0,637000.0,66000.0,0,48,0,0.0,1543000.0,0.0,5.4689861802606,1
light_manufacturing,6,1,1591000.0,2,1,6,877000.0,838000.0,39000.0,0,72,1,155000.0,679000.0,0.17673888255416192,15.493902191752618,1
retail_wholesale,12,1,854000.0,2,0,12,517000.0,495000.0,22000.0,0,137,0,0.0,1403000.0,0.0,4.42050218204162,1
retail_wholesale,7,1,6099000.0,5,0,7,5473000.0,4072000.0,1401000.0,0,84,1,442000.0,831000.0,0.08076009501187649,79.05010098312056,1
food,8,1,2716000.0,3,1,8,1564000.0,1184000.0,380000.0,0,96,0,0.0,844000.0,0.0,22.234621333241027,1
retail_wholesale,6,1,478000.0,2,0,2,258000.0,235000.0,23000.0,0,72,0,0.0,2145000.0,0.0,1.4435082954011016,1
retail_wholesale,4,0,473000.0,3,0,4,357000.0,313000.0,44000.0,0,48,1,114000.0,2755000.0,0.31932773109243695,1.5547435436362282,0
food,9,1,1040000.0,2,0,9,683000.0,651000.0,32000.0,3,108,0,0.0,1962000.0,0.0,4.176924198191011,1
retail_wholesale,11,0,281000.0,3,0,11,151000.0,119000.0,32000.0,0,132,1,16000.0,1483000.0,0.10596026490066225,1.2220848888294502,1
services,6,0,2087000.0,2,1,6,1046000.0,981000.0,65000.0,0,72,0,0.0,1133000.0,0.0,11.08039945111688,1
retail_wholesale,3,0,933000.0,7,0,3,496000.0,442000.0,54000.0,2,9,1,115000.0,1653000.0,0.2318548387096774,3.5998634435294066,0
services,9,0,840000.0,2,0,4,596000.0,450000.0,146000.0,0,83,0,0.0,1221000.0,0.0,5.856655354625597,1
services,8,1,1292000.0,3,0,8,765000.0,563000.0,202000.0,0,86,0,0.0,1926000.0,0.0,4.766338830170666,1
retail_wholesale,5,0,3640000.0,3,1,3,2952000.0,2647000.0,305000.0,0,60,1,663000.0,803000.0,0.22459349593495934,44.1309539743537,0
services,25,1,771000.0,4,1,12,650000.0,484000.0,166000.0,2,197,0,0.0,3046000.0,0.0,2.560457635064369,1
services,15,0,581000.0,3,0,8,324000.0,299000.0,25000.0,0,17,0,0.0,1423000.0,0.0,2.7318154256904394,1
retail_wholesale,8,1,2939000.0,6,1,6,1865000.0,1596000.0,269000.0,0,90,0,0.0,2507000.0,0.0,8.92866048676012,1
retail_wholesale,8,1,1710000.0,4,1,8,956000.0,797000.0,159000.0,4,96,1,387000.0,3406000.0,0.40481171548117156,3.36836985883239,0
services,15,0,472000.0,4,0,15,290000.0,225000.0,65000.0,0,101,1,82000.0,2435000.0,0.2827586206896552,1.4292682272069734,0
retail_wholesale,13,0,653000.0,9,0,13,389000.0,379000.0,10000.0,1,40,0,0.0,3230000.0,0.0,1.4449973101944211,1
retail_wholesale,6,0,790000.0,5,1,6,644000.0,581000.0,63000.0,0,72,0,0.0,579000.0,0.0,13.35227088416066,1
retail_wholesale,8,0,933000.0,5,0,8,596000.0,547000.0,49000.0,0,96,0,0.0,1488000.0,0.0,4.806450430868528,1
services,5,1,167000.0,3,0,5,117000.0,107000.0,10000.0,1,60,0,0.0,3877000.0,0.0,0.36216047110696425,1
services,2,0,139000.0,4,0,2,107000.0,92000.0,15000.0,4,24,0,0.0,2715000.0,0.0,0.4729788063893467,0
services,1,1,268000.0,7,0,1,222000.0,214000.0,8000.0,0,12,1,14000.0,6063000.0,0.06306306306306306,0.4393774733387011,1
services,7,1,248000.0,3,0,7,154000.0,133000.0,21000.0,0,50,0,0.0,5561000.0,0.0,0.33231515598401457,1
food,15,1,341000.0,3,1,5,199000.0,168000.0,31000.0,1,180,0,0.0,2394000.0,0.0,0.9975567239696278,0
textiles,5,1,1226000.0,4,1,1,1093000.0,849000.0,244000.0,0,60,0,0.0,1719000.0,0.0,7.628359760335148,1
retail_wholesale,6,1,549000.0,3,0,6,345000.0,269000.0,76000.0,2,72,0,0.0,1125000.0,0.0,3.678892791804079,1
retail_wholesale,4,0,791000.0,4,0,4,608000.0,551000.0,57000.0,0,48,0,0.0,1503000.0,0.0,4.853325846746312,1
services,1,1,191000.0,1,0,1,147000.0,117000.0,30000.0,0,12,0,0.0,1565000.0,0.0,1.126803566438289,1
food,5,1,410000.0,4,0,5,289000.0,261000.0,28000.0,2,17,0,0.0,1401000.0,0.0,2.475346518728003,1
textiles,6,0,1169000.0,3,1,6,692000.0,669000.0,23000.0,3,72,1,63000.0,1153000.0,0.09104046242774566,7.203685676126691,0
services,7,1,1178000.0,2,1,7,656000.0,540000.0,116000.0,0,84,0,0.0,2545000.0,0.0,3.093239818784922,1
textiles,13,0,315000.0,6,0,13,219000.0,159000.0,60000.0,1,44,0,0.0,5535000.0,0.0,0.4747780312386318,1
textiles,8,0,764000.0,2,1,1,538000.0,477000.0,61000.0,0,96,0,0.0,3501000.0,0.0,1.8439475653795183,1
textiles,13,0,5860000.0,6,0,13,4742000.0,3332000.0,1410000.0,0,156,0,0.0,1648000.0,0.0,34.52454401538935,1
retail_wholesale,9,0,639000.0,2,0,9,501000.0,461000.0,40000.0,0,108,1,135000.0,3675000.0,0.2694610778443114,1.635899789218173,0
retail_wholesale,9,1,325000.0,4,0,9,281000.0,238000.0,43000.0,2,80,0,0.0,2462000.0,0.0,1.3693940455488498,1
retail_wholesale,10,1,546000.0,7,1,6,485000.0,406000.0,79000.0,0,120,0,0.0,1952000.0,0.0,2.9819447601632767,1
retail_wholesale,3,0,713000.0,6,0,3,564000.0,485000.0,79000.0,0,36,1,97000.0,1880000.0,0.17198581560283688,3.599993634018908,1
retail_wholesale,11,0,559000.0,3,1,11,297000.0,251000.0,46000.0,1,132,0,0.0,1774000.0,0.0,2.00912722597995,0
services,5,0,630000.0,5,0,5,417000.0,330000.0,87000.0,0,60,0,0.0,2956000.0,0.0,1.6929130417138667,1
retail_wholesale,5,1,153000.0,4,1,5,114000.0,89000.0,25000.0,0,60,1,28000.0,2175000.0,0.24561403508771928,0.6290154808593895,1
retail_wholesale,6,0,248000.0,2,0,6,183000.0,149000.0,34000.0,0,40,0,0.0,1292000.0,0.0,1.6998568160015548,1
retail_wholesale,4,1,560000.0,5,0,4,321000.0,305000.0,16000.0,1,48,1,68000.0,1255000.0,0.2118380062305296,3.0696286053843393,1
retail_wholesale,2,1,551000.0,3,0,2,404000.0,298000.0,106000.0,0,24,0,0.0,2403000.0,0.0,2.017535424133027,1
services,6,1,369000.0,4,0,6,236000.0,187000.0,49000.0,1,72,0,0.0,2587000.0,0.0,1.0948805448556855,1
textiles,5,0,545000.0,3,1,5,346000.0,261000.0,85000.0,0,60,0,0.0,1657000.0,0.0,2.5050847139113914,1
services,5,1,691000.0,6,0,5,576000.0,472000.0,104000.0,0,60,1,168000.0,1014000.0,0.2916666666666667,6.816289243523274,1
services,5,0,1582000.0,4,0,5,1058000.0,780000.0,278000.0,1,60,0,0.0,4236000.0,0.0,2.9968469893095193,1
retail_wholesale,1,0,589000.0,2,0,1,418000.0,382000.0,36000.0,0,12,0,0.0,3730000.0,0.0,1.3449042985857276,0
services,5,0,969000.0,4,1,5,703000.0,512000.0,191000.0,0,60,0,0.0,607000.0,0.0,13.89858425290954,1
retail_wholesale,15,0,378000.0,4,0,3,274000.0,243000.0,31000.0,0,149,0,0.0,4468000.0,0.0,0.735932072468566,1
retail_wholesale,14,0,1152000.0,3,0,7,674000.0,522000.0,152000.0,0,25,1,78000.0,1764000.0,0.11572700296735905,4.584219121104377,1
retail_wholesale,6,1,946000.0,3,0,5,700000.0,583000.0,117000.0,0,32,0,0.0,2241000.0,0.0,3.747512465249114,1
services,6,1,1545000.0,3,0,6,979000.0,740000.0,239000.0,3,72,1,203000.0,3959000.0,0.20735444330949948,2.9671502984857945,0
food,1,0,1327000.0,4,1,1,1011000.0,914000.0,97000.0,0,12,0,0.0,5391000.0,0.0,2.2505533904558144,1
retail_wholesale,4,1,1171000.0,3,0,4,654000.0,631000.0,23000.0,0,48,0,0.0,3651000.0,0.0,2.1498377424758734,1
food,10,1,589000.0,8,0,10,529000.0,403000.0,126000.0,0,65,0,0.0,2311000.0,0.0,2.7466289482723965,1
retail_wholesale,4,1,830000.0,4,1,3,672000.0,650000.0,22000.0,0,48,0,0.0,876000.0,0.0,9.204080722910776,1
services,12,1,1883000.0,4,0,12,1256000.0,994000.0,262000.0,0,117,0,0.0,593000.0,0.0,25.417314923089773,1
retail_wholesale,11,1,339000.0,6,1,11,210000.0,180000.0,30000.0,3,132,0,0.0,3387000.0,0.0,0.7439483694546677,1
retail_wholesale,4,1,347000.0,5,0,4,227000.0,203000.0,24000.0,0,48,0,0.0,4474000.0,0.0,0.6088008965897326,1
retail_wholesale,6,0,779000.0,5,1,4,614000.0,464000.0,150000.0,1,10,1,143000.0,1227000.0,0.23289902280130292,6.006162556600327,0
textiles,15,1,985000.0,3,0,12,750000.0,618000.0,132000.0,0,119,0,0.0,1701000.0,0.0,5.2906725591240535,1
retail_wholesale,1,0,285000.0,2,0,1,223000.0,160000.0,63000.0,0,12,0,0.0,1432000.0,0.0,1.8692466612223226,1
retail_wholesale,4,0,603000.0,2,0,1,516000.0,462000.0,54000.0,2,48,0,0.0,1409000.0,0.0,4.394927345465588,0
retail_wholesale,1,1,592000.0,2,0,1,404000.0,330000.0,74000.0,0,12,1,88000.0,3812000.0,0.21782178217821782,1.2718116217878506,1
light_manufacturing,3,0,100000.0,4,0,2,77000.0,73000.0,4000.0,1,36,0,0.0,2280000.0,0.0,0.40526493406744446,1
services,18,0,522000.0,3,1,4,353000.0,274000.0,79000.0,2,114,0,0.0,1743000.0,0.0,2.430213792698153,1
services,4,0,555000.0,4,0,4,419000.0,402000.0,17000.0,2,48,1,129000.0,9852000.0,0.30787589498806683,0.5103610298005613,1
retail_wholesale,1,1,554000.0,5,0,1,382000.0,282000.0,100000.0,0,12,0,0.0,846000.0,0.0,5.4198998545308745,0
light_manufacturing,2,1,2678000.0,1,0,2,2171000.0,1889000.0,282000.0,0,24,0,0.0,2778000.0,0.0,9.376445167972006,1
services,1,1,193000.0,6,0,1,97000.0,76000.0,21000.0,0,12,1,30000.0,1066000.0,0.30927835051546393,1.0920996632303464,0
services,7,0,285000.0,5,1,7,167000.0,125000.0,42000.0,4,27,1,67000.0,1820000.0,0.40119760479041916,1.1012656682460116,0
retail_wholesale,8,0,100000.0,5,0,8,62000.0,45000.0,17000.0,0,96,0,0.0,2187000.0,0.0,0.34026026960224276,1
retail_wholesale,11,0,402000.0,1,0,11,353000.0,312000.0,41000.0,0,132,1,51000.0,3320000.0,0.14447592067988668,1.2759803886375252,0
retail_wholesale,9,0,438000.0,2,0,2,308000.0,236000.0,72000.0,0,36,0,0.0,1710000.0,0.0,2.1615230961627834,1
services,2,0,390000.0,3,0,2,252000.0,217000.0,35000.0,0,24,0,0.0,1605000.0,0.0,1.8843861847448389,1
food,8,0,1968000.0,4,0,8,1302000.0,1268000.0,34000.0,0,96,0,0.0,1692000.0,0.0,9.23602937246893,1
retail_wholesale,5,1,1537000.0,3,1,5,1046000.0,825000.0,221000.0,0,60,0,0.0,1046000.0,0.0,11.997573807662025,1
retail_wholesale,12,0,703000.0,4,0,12,595000.0,422000.0,173000.0,0,144,1,85000.0,2923000.0,0.14285714285714285,2.442884991790645,1
textiles,10,1,449000.0,3,1,10,397000.0,294000.0,103000.0,1,120,0,0.0,2368000.0,0.0,2.0120213197206125,1
retail_wholesale,20,1,1814000.0,3,1,14,1519000.0,1114000.0,405000.0,0,98,1,239000.0,2597000.0,0.15734035549703754,7.019629859303361,1
services,3,0,637000.0,4,1,3,533000.0,442000.0,91000.0,0,36,0,0.0,1918000.0,0.0,3.334262168071647,1
services,2,0,287000.0,5,0,2,166000.0,151000.0,15000.0,0,24,0,0.0,1781000.0,0.0,1.1181983282096248,1
services,4,1,117000.0,5,0,4,71000.0,56000.0,15000.0,0,48,0,0.0,4049000.0,0.0,0.2104144470791013,1
retail_wholesale,5,0,418000.0,5,1,5,309000.0,229000.0,80000.0,0,60,0,0.0,3692000.0,0.0,1.0042827298364099,1
textiles,3,1,1382000.0,6,1,3,1054000.0,927000.0,127000.0,0,36,0,0.0,4674000.0,0.0,2.70600010252492,1
textiles,3,1,6333000.0,6,0,3,3680000.0,2886000.0,794000.0,0,36,1,517000.0,2501000.0,0.14048913043478262,17.656705222213013,1
textiles,7,1,691000.0,3,1,7,552000.0,475000.0,77000.0,0,26,1,145000.0,4503000.0,0.26268115942028986,1.4710166784550391,1
retail_wholesale,4,0,302000.0,5,0,1,175000.0,168000.0,7000.0,0,48,0,0.0,1558000.0,0.0,1.3477543298587413,1
retail_wholesale,3,0,199000.0,3,1,3,120000.0,94000.0,26000.0,0,36,0,0.0,1773000.0,0.0,0.8122127260088615,0
retail_wholesale,2,1,1129000.0,3,0,2,703000.0,593000.0,110000.0,0,24,0,0.0,4097000.0,0.0,2.0591651421320716,1
food,1,1,111000.0,3,0,1,93000.0,86000.0,7000.0,0,12,0,0.0,3317000.0,0.0,0.33640171945458675,1
retail_wholesale,14,1,1127000.0,3,0,9,894000.0,799000.0,95000.0,0,48,0,0.0,1680000.0,0.0,6.38518338036883,1
retail_wholesale,14,1,1472000.0,4,0,12,1049000.0,955000.0,94000.0,0,168,1,131000.0,1068000.0,0.12488083889418494,11.791179362041422,0
retail_wholesale,10,0,1006000.0,7,1,10,832000.0,762000.0,70000.0,0,114,0,0.0,1770000.0,0.0,5.6418676553686185,1
textiles,9,0,522000.0,6,1,9,431000.0,367000.0,64000.0,0,108,1,124000.0,1326000.0,0.2877030162412993,3.900221495012627,1
retail_wholesale,4,0,1144000.0,5,1,4,750000.0,638000.0,112000.0,2,48,0,0.0,5629000.0,0.0,1.5989950006243876,1
light_manufacturing,9,1,771000.0,6,1,8,627000.0,565000.0,62000.0,0,108,0,0.0,3156000.0,0.0,2.384349509441942,1
textiles,2,0,299000.0,2,0,2,174000.0,156000.0,18000.0,0,24,0,0.0,1263000.0,0.0,1.6530350721616973,1
retail_wholesale,6,1,4136000.0,5,1,6,2900000.0,2574000.0,326000.0,0,10,0,0.0,1068000.0,0.0,32.57238301687573,1
textiles,3,1,457000.0,4,1,3,250000.0,202000.0,48000.0,0,36,0,0.0,1254000.0,0.0,2.392773306180486,1
retail_wholesale,9,0,1412000.0,5,1,9,947000.0,883000.0,64000.0,1,12,1,191000.0,1430000.0,0.2016895459345301,7.945441965018548,1
light_manufacturing,16,0,100000.0,4,0,16,71000.0,54000.0,17000.0,0,84,0,0.0,1810000.0,0.0,0.4708123384933429,1
food,2,0,2330000.0,5,0,2,1239000.0,921000.0,318000.0,0,24,0,0.0,3904000.0,0.0,3.808883788611709,1
services,4,0,2824000.0,4,0,4,1934000.0,1541000.0,393000.0,3,48,0,0.0,1120000.0,0.0,20.723327561011775,1
retail_wholesale,6,0,670000.0,3,0,6,509000.0,392000.0,117000.0,0,72,1,106000.0,7900000.0,0.2082514734774067,0.7731593242059548,0
food,1,0,1137000.0,2,0,1,847000.0,750000.0,97000.0,0,12,0,0.0,1136000.0,0.0,8.950281882079063,1
food,1,0,1136000.0,3,0,1,593000.0,453000.0,140000.0,0,12,0,0.0,859000.0,0.0,8.286496215713274,1
light_manufacturing,16,1,342000.0,2,0,10,184000.0,163000.0,21000.0,4,192,0,0.0,5508000.0,0.0,0.4009001250786131,1
textiles,7,1,1123000.0,6,0,4,720000.0,607000.0,113000.0,0,49,0,0.0,4419000.0,0.0,1.9552186768609476,1
food,3,1,290000.0,3,1,3,242000.0,180000.0,62000.0,0,36,0,0.0,1793000.0,0.0,1.6198785787661474,1
retail_wholesale,6,1,354000.0,4,0,6,300000.0,232000.0,68000.0,0,17,0,0.0,2514000.0,0.0,1.43187858198553,1
retail_wholesale,4,1,2006000.0,4,1,4,1251000.0,1058000.0,193000.0,0,48,1,313000.0,2553000.0,0.2501998401278977,5.881202390886223,1
food,6,0,1723000.0,5,1,6,1357000.0,1228000.0,129000.0,0,72,0,0.0,2171000.0,0.0,7.500790333831826,1
retail_wholesale,4,0,321000.0,1,0,0,234000.0,190000.0,44000.0,0,14,0,0.0,919000.0,0.0,3.0563244341784954,1
retail_wholesale,5,0,312000.0,3,1,5,279000.0,213000.0,66000.0,0,60,0,0.0,500000.0,0.0,6.696000000000001,1
services,9,1,341000.0,7,0,3,183000.0,143000.0,40000.0,0,108,0,0.0,1205000.0,0.0,1.8227130036122154,1
services,9,0,1352000.0,5,0,6,973000.0,707000.0,266000.0,0,59,1,245000.0,5947000.0,0.2517985611510791,1.9634352655980594,0
retail_wholesale,15,1,239000.0,6,0,1,176000.0,124000.0,52000.0,0,175,0,0.0,6088000.0,0.0,0.34688571101654236,1
textiles,8,1,929000.0,3,0,3,579000.0,563000.0,16000.0,1,96,0,0.0,1709000.0,0.0,4.064980095835276,1
retail_wholesale,6,1,1372000.0,2,0,6,712000.0,518000.0,194000.0,1,44,0,0.0,1126000.0,0.0,7.590220445374271,1
services,17,1,595000.0,4,0,17,310000.0,228000.0,82000.0,4,180,1,81000.0,2363000.0,0.26129032258064516,1.5741316011756736,0
retail_wholesale,5,1,1785000.0,5,1,5,1216000.0,1148000.0,68000.0,0,60,0,0.0,2603000.0,0.0,5.6065610919694695,1
services,1,0,479000.0,3,1,1,373000.0,330000.0,43000.0,0,12,0,0.0,2868000.0,0.0,1.5607256889384462,1
services,10,0,525000.0,3,0,10,409000.0,336000.0,73000.0,0,120,0,0.0,500000.0,0.0,9.816,1
services,7,0,245000.0,6,0,7,140000.0,123000.0,17000.0,2,84,0,0.0,13300000.0,0.0,0.1263111341118096,1
retail_wholesale,6,1,1797000.0,6,1,6,1516000.0,1458000.0,58000.0,0,72,0,0.0,3946000.0,0.0,4.610562908972733,1
services,10,0,302000.0,4,0,1,197000.0,143000.0,54000.0,0,57,0,0.0,1776000.0,0.0,1.330994146028282,1
retail_wholesale,4,0,922000.0,3,0,4,817000.0,628000.0,189000.0,0,38,1,167000.0,1300000.0,0.204406364749082,7.54382888796151,1
retail_wholesale,1,1,605000.0,3,1,1,331000.0,311000.0,20000.0,1,12,0,0.0,3617000.0,0.0,1.0982732230728638,1
textiles,11,0,227000.0,6,1,5,189000.0,174000.0,15000.0,1,132,0,0.0,2692000.0,0.0,0.8424124292380208,1
retail_wholesale,3,0,353000.0,6,0,3,305000.0,298000.0,7000.0,1,36,0,0.0,2114000.0,0.0,1.731568203695045,1
services,2,0,2591000.0,9,1,2,2148000.0,1692000.0,456000.0,0,24,0,0.0,2633000.0,0.0,9.789357886615264,1
services,1,1,795000.0,5,1,1,655000.0,632000.0,23000.0,0,12,0,0.0,1869000.0,0.0,4.2049869434575395,1
retail_wholesale,10,0,237000.0,4,0,10,153000.0,122000.0,31000.0,3,88,1,52000.0,2545000.0,0.33986928104575165,0.7213179545925911,1
light_manufacturing,1,1,882000.0,3,0,1,693000.0,624000.0,69000.0,0,12,0,0.0,3092000.0,0.0,2.6891266591234286,1
retail_wholesale,13,1,562000.0,2,0,13,411000.0,389000.0,22000.0,0,150,0,0.0,2457000.0,0.0,2.0069321855765354,1
food,4,1,20558000.0,5,0,4,13770000.0,10297000.0,3473000.0,0,48,0,0.0,2381000.0,0.0,69.38693844640304,1
retail_wholesale,10,0,864000.0,4,0,1,776000.0,588000.0,188000.0,0,120,0,0.0,4613000.0,0.0,2.018673536272464,1
light_manufacturing,8,1,444000.0,6,0,8,274000.0,236000.0,38000.0,1,96,0,0.0,767000.0,0.0,4.28618289280964,1
retail_wholesale,19,1,2689000.0,1,0,15,1789000.0,1675000.0,114000.0,0,226,1,175000.0,1239000.0,0.09782001117942984,17.324915035181185,1
retail_wholesale,8,1,103000.0,4,0,8,89000.0,64000.0,25000.0,2,96,1,17000.0,2032000.0,0.19101123595505617,0.5255574072076196,0
retail_wholesale,13,0,714000.0,9,0,10,440000.0,413000.0,27000.0,2,90,0,0.0,1291000.0,0.0,4.090631940976924,1
light_manufacturing,4,0,4776000.0,4,0,4,2680000.0,2133000.0,547000.0,0,48,0,0.0,1577000.0,0.0,20.393083244130274,1
services,1,0,579000.0,4,0,1,361000.0,294000.0,67000.0,0,12,0,0.0,4331000.0,0.0,1.0002371069501823,1
services,11,1,115000.0,6,1,3,92000.0,73000.0,19000.0,0,132,0,0.0,1829000.0,0.0,0.6036114104162003,1
services,1,1,437000.0,6,0,1,369000.0,352000.0,17000.0,0,12,1,39000.0,667000.0,0.10569105691056911,6.634792879304768,1
services,10,0,2784000.0,3,0,5,1519000.0,1119000.0,400000.0,0,70,0,0.0,1551000.0,0.0,11.749571013593291,1
food,2,1,947000.0,6,1,2,709000.0,610000.0,99000.0,2,24,0,0.0,2071000.0,0.0,4.108228083442198,0
retail_wholesale,7,0,281000.0,6,1,4,204000.0,151000.0,53000.0,0,84,0,0.0,2048000.0,0.0,1.1951963298092863,1
services,19,0,328000.0,3,0,13,251000.0,241000.0,10000.0,0,223,0,0.0,2792000.0,0.0,1.0787841981623154,1
services,9,0,371000.0,5,0,9,285000.0,263000.0,22000.0,2,108,0,0.0,2659000.0,0.0,1.2864162167419766,1
retail_wholesale,5,0,933000.0,4,0,5,824000.0,631000.0,193000.0,3,60,0,0.0,1840000.0,0.0,5.373451176449871,0
retail_wholesale,8,0,2478000.0,4,0,8,1582000.0,1239000.0,343000.0,0,96,1,384000.0,978000.0,0.2427307206068268,19.419412178267102,1
services,4,1,1862000.0,3,1,4,1154000.0,931000.0,223000.0,0,14,0,0.0,1535000.0,0.0,9.022100589638248,1
retail_wholesale,24,0,1026000.0,5,1,18,751000.0,611000.0,140000.0,0,105,0,0.0,1376000.0,0.0,6.547450753710028,1
light_manufacturing,3,1,172000.0,5,0,3,115000.0,107000.0,8000.0,0,36,0,0.0,1686000.0,0.0,0.8187296070366052,1
retail_wholesale,5,0,172000.0,2,1,5,119000.0,102000.0,17000.0,0,60,0,0.0,3028000.0,0.0,0.4716238977666792,1
retail_wholesale,9,1,1108000.0,5,0,4,585000.0,480000.0,105000.0,0,108,0,0.0,2549000.0,0.0,2.7542753791576464,1
services,8,1,169000.0,2,1,8,95000.0,86000.0,9000.0,0,59,0,0.0,3279000.0,0.0,0.3476627610885079,1
retail_wholesale,8,0,519000.0,7,0,8,453000.0,375000.0,78000.0,0,54,0,0.0,1588000.0,0.0,3.4224143006810026,1
retail_wholesale,4,1,881000.0,3,0,4,465000.0,342000.0,123000.0,0,48,0,0.0,4944000.0,0.0,1.1286532805557703,1
textiles,5,1,208000.0,2,1,5,153000.0,112000.0,41000.0,0,24,1,16000.0,2995000.0,0.10457516339869281,0.6130792949165639,1
services,11,0,233000.0,3,0,9,187000.0,148000.0,39000.0,0,121,0,0.0,2139000.0,0.0,1.0489314695802678,1
retail_wholesale,11,1,592000.0,3,0,11,299000.0,260000.0,39000.0,0,51,0,0.0,2872000.0,0.0,1.2491206365766716,1
retail_wholesale,8,0,1076000.0,5,1,8,634000.0,468000.0,166000.0,0,81,0,0.0,1333000.0,0.0,5.705949448889537,1
services,14,1,1879000.0,1,0,1,1223000.0,1044000.0,179000.0,3,71,0,0.0,564000.0,0.0,26.00578089725788,1
light_manufacturing,11,1,1193000.0,2,0,6,838000.0,650000.0,188000.0,0,132,1,282000.0,1390000.0,0.33651551312649164,7.235794099921516,0
food,10,1,700000.0,4,0,8,445000.0,398000.0,47000.0,0,113,0,0.0,3132000.0,0.0,1.705066815709153,1
retail_wholesale,1,0,308000.0,3,0,1,234000.0,166000.0,68000.0,0,12,1,24000.0,2099000.0,0.10256410256410256,1.3380263857328307,1
retail_wholesale,8,0,223000.0,4,0,3,132000.0,110000.0,22000.0,2,96,0,0.0,1842000.0,0.0,0.859767561526375,1
retail_wholesale,7,1,390000.0,3,1,7,199000.0,142000.0,57000.0,0,26,0,0.0,1203000.0,0.0,1.985782528650399,1
retail_wholesale,15,0,979000.0,4,1,15,490000.0,388000.0,102000.0,0,180,1,181000.0,619000.0,0.3693877551020408,9.505827930682198,1
services,5,0,910000.0,4,0,5,581000.0,409000.0,172000.0,1,60,0,0.0,4702000.0,0.0,1.4826745342043504,1
retail_wholesale,6,0,100000.0,4,0,6,64000.0,53000.0,11000.0,0,72,0,0.0,1765000.0,0.0,0.4350145147070651,1
food,2,0,296000.0,6,0,2,261000.0,239000.0,22000.0,0,7,0,0.0,1546000.0,0.0,2.0263727795548654,0
services,3,0,2168000.0,2,1,3,1123000.0,818000.0,305000.0,0,36,1,374000.0,1337000.0,0.3330365093499555,10.081992434258787,0
textiles,15,0,704000.0,4,0,12,501000.0,454000.0,47000.0,4,152,0,0.0,4246000.0,0.0,1.4160861088464114,1
retail_wholesale,8,0,158000.0,4,0,5,115000.0,99000.0,16000.0,1,96,0,0.0,3394000.0,0.0,0.4066208221001042,1
services,19,0,6855000.0,4,1,5,5345000.0,4497000.0,848000.0,0,197,1,562000.0,1119000.0,0.10514499532273153,57.29794116266579,1
services,5,1,631000.0,3,0,5,477000.0,414000.0,63000.0,1,32,0,0.0,4022000.0,0.0,1.4230392511509313,1
services,2,1,955000.0,6,0,2,480000.0,381000.0,99000.0,1,24,1,155000.0,1833000.0,0.3229166666666667,3.1419151849510683,0
retail_wholesale,4,0,969000.0,2,1,4,730000.0,656000.0,74000.0,0,48,0,0.0,1387000.0,0.0,6.317818895867143,0
retail_wholesale,4,1,450000.0,2,0,3,283000.0,260000.0,23000.0,0,48,0,0.0,1677000.0,0.0,2.0250988617167636,1
light_manufacturing,10,1,314000.0,5,1,1,254000.0,233000.0,21000.0,0,120,0,0.0,1250000.0,0.0,2.4383383606196074,1
retail_wholesale,9,1,5424000.0,2,0,4,3121000.0,2420000.0,701000.0,0,108,0,0.0,905000.0,0.0,41.36516883257757,1
retail_wholesale,8,1,1773000.0,4,1,8,1394000.0,1231000.0,163000.0,0,96,0,0.0,3186000.0,0.0,5.250158162085289,1
food,23,0,1479000.0,3,1,16,1109000.0,822000.0,287000.0,2,188,0,0.0,1752000.0,0.0,7.596146604709435,1
services,14,0,1157000.0,3,1,10,880000.0,738000.0,142000.0,0,168,0,0.0,2896000.0,0.0,3.645889532520481,1
light_manufacturing,3,0,238000.0,4,1,3,136000.0,95000.0,41000.0,0,36,1,40000.0,2376000.0,0.29411764705882354,0.6868296891259539,1
retail_wholesale,12,1,2332000.0,4,1,3,1790000.0,1350000.0,440000.0,0,103,0,0.0,2780000.0,0.0,7.728002514371342,1
light_manufacturing,6,0,280000.0,6,0,6,222000.0,195000.0,27000.0,0,72,0,0.0,586000.0,0.0,4.54611787899961,1
retail_wholesale,5,1,863000.0,4,1,4,600000.0,567000.0,33000.0,0,60,1,139000.0,1189000.0,0.23166666666666666,6.055639551194726,0
textiles,15,0,126000.0,5,1,6,80000.0,57000.0,23000.0,0,34,0,0.0,2814000.0,0.0,0.34109712154982286,1
textiles,3,0,100000.0,4,1,3,57000.0,49000.0,8000.0,0,36,1,14000.0,931000.0,0.24561403508771928,0.7348814204999433,1
retail_wholesale,11,0,894000.0,9,0,11,550000.0,483000.0,67000.0,0,132,0,0.0,2502000.0,0.0,2.638164521071784,1
retail_wholesale,10,0,289000.0,3,1,2,233000.0,224000.0,9000.0,0,20,0,0.0,868000.0,0.0,3.2202705952671655,1
retail_wholesale,3,0,100000.0,2,0,3,66000.0,58000.0,8000.0,1,36,0,0.0,2020000.0,0.0,0.3921121207273987,0
light_manufacturing,1,0,1116000.0,8,0,1,872000.0,636000.0,236000.0,0,12,0,0.0,5255000.0,0.0,1.9913232704892176,0
textiles,5,0,5416000.0,3,0,1,4311000.0,3195000.0,1116000.0,0,22,0,0.0,3183000.0,0.0,16.25124133645827,1
light_manufacturing,13,0,2609000.0,7,1,11,2008000.0,1763000.0,245000.0,0,148,0,0.0,659000.0,0.0,36.57420606103977,1
services,8,1,503000.0,5,0,8,387000.0,294000.0,93000.0,0,96,0,0.0,3327000.0,0.0,1.3957139000597962,1
food,15,0,656000.0,4,0,6,488000.0,468000.0,20000.0,0,127,0,0.0,5968000.0,0.0,0.9811564618439005,1
services,7,1,1579000.0,2,1,6,1117000.0,1070000.0,47000.0,0,7,1,94000.0,10712000.0,0.08415398388540735,1.2513167329074109,0
retail_wholesale,16,1,1996000.0,6,0,5,1156000.0,1116000.0,40000.0,0,141,1,363000.0,2660000.0,0.3140138408304498,5.215733846686524,0
retail_wholesale,4,0,461000.0,2,0,4,386000.0,302000.0,84000.0,3,8,1,56000.0,882000.0,0.14507772020725387,5.251393731517831,0
services,8,0,673000.0,6,1,8,596000.0,537000.0,59000.0,0,96,0,0.0,2596000.0,0.0,2.7550568304278653,1
services,4,1,878000.0,4,0,4,603000.0,534000.0,69000.0,1,48,0,0.0,5211000.0,0.0,1.3886071966203175,0
retail_wholesale,5,1,1131000.0,3,0,5,988000.0,701000.0,287000.0,0,60,0,0.0,1788000.0,0.0,6.632221366663153,1
textiles,6,1,569000.0,1,1,6,512000.0,396000.0,116000.0,0,9,0,0.0,3740000.0,0.0,1.6429008027634187,1
textiles,8,0,576000.0,5,0,2,400000.0,303000.0,97000.0,0,29,1,135000.0,1209000.0,0.3375,3.971844262909622,1
services,3,1,2583000.0,3,1,1,2040000.0,1640000.0,400000.0,3,36,0,0.0,2501000.0,0.0,9.789372174368582,1
textiles,8,0,2179000.0,4,1,8,1650000.0,1595000.0,55000.0,0,96,0,0.0,500000.0,0.0,39.6,1
retail_wholesale,6,0,1048000.0,2,1,6,623000.0,584000.0,39000.0,1,72,0,0.0,1131000.0,0.0,6.611112452638161,1
retail_wholesale,2,0,3627000.0,2,0,2,1882000.0,1472000.0,410000.0,0,24,1,837000.0,1993000.0,0.4447396386822529,11.333544847179832,0
retail_wholesale,1,0,442000.0,1,0,1,301000.0,255000.0,46000.0,1,12,0,0.0,1608000.0,0.0,2.2459497733184235,1
services,13,1,3294000.0,4,0,13,2684000.0,2023000.0,661000.0,4,16,0,0.0,916000.0,0.0,35.14344747843947,1
services,5,1,1118000.0,2,0,2,705000.0,548000.0,157000.0,2,60,0,0.0,1482000.0,0.0,5.708725032220433,1
food,1,0,17120000.0,3,0,1,13932000.0,10006000.0,3926000.0,0,12,0,0.0,2437000.0,0.0,68.59055154399523,1
retail_wholesale,17,1,197000.0,2,0,9,150000.0,132000.0,18000.0,1,204,0,0.0,1899000.0,0.0,0.9477884426512466,1
retail_wholesale,9,1,326000.0,3,0,6,254000.0,225000.0,29000.0,0,108,0,0.0,2074000.0,0.0,1.4692850403132374,1
services,7,1,988000.0,4,1,7,607000.0,567000.0,40000.0,0,84,0,0.0,3103000.0,0.0,2.3475018013634843,1
services,3,1,967000.0,3,0,3,665000.0,628000.0,37000.0,0,36,0,0.0,1628000.0,0.0,4.9022233707769365,1
retail_wholesale,2,0,4569000.0,3,0,2,2617000.0,1949000.0,668000.0,0,24,0,0.0,4521000.0,0.0,6.946801674554774,1
retail_wholesale,7,0,333000.0,3,0,7,199000.0,181000.0,18000.0,0,84,0,0.0,1105000.0,0.0,2.1616496447564453,0
textiles,6,0,1607000.0,5,0,6,861000.0,635000.0,226000.0,0,72,1,290000.0,6359000.0,0.33681765389082463,1.6246577250182674,0
retail_wholesale,2,0,2079000.0,4,0,2,1145000.0,921000.0,224000.0,0,24,0,0.0,3900000.0,0.0,3.523098746066256,1
services,2,0,1315000.0,3,1,1,768000.0,648000.0,120000.0,0,24,0,0.0,1615000.0,0.0,5.705283022867269,1
retail_wholesale,2,0,249000.0,5,0,2,182000.0,130000.0,52000.0,0,24,0,0.0,1681000.0,0.0,1.2990095634978012,1
retail_wholesale,2,0,2656000.0,3,0,2,1797000.0,1337000.0,460000.0,1,24,0,0.0,2264000.0,0.0,9.524207562963547,1
light_manufacturing,3,0,2222000.0,2,0,3,1348000.0,1046000.0,302000.0,1,36,1,496000.0,2864000.0,0.36795252225519287,5.6473077309444255,1
retail_wholesale,7,1,1184000.0,3,1,2,1000000.0,736000.0,264000.0,1,84,0,0.0,3857000.0,0.0,3.111268447864093,1
retail_wholesale,8,0,797000.0,3,1,7,566000.0,544000.0,22000.0,1,96,1,121000.0,895000.0,0.2137809187279152,7.590921678162799,0
retail_wholesale,6,1,815000.0,3,0,6,708000.0,553000.0,155000.0,0,72,0,0.0,2600000.0,0.0,3.267361278574667,1
retail_wholesale,6,1,601000.0,4,0,2,453000.0,381000.0,72000.0,0,72,0,0.0,562000.0,0.0,9.677512229821724,1
retail_wholesale,9,1,1234000.0,3,0,9,625000.0,612000.0,13000.0,0,18,0,0.0,1798000.0,0.0,4.170917899965193,1
retail_wholesale,1,1,671000.0,3,0,1,580000.0,498000.0,82000.0,0,12,0,0.0,4785000.0,0.0,1.4545328612508754,1
retail_wholesale,7,1,278000.0,2,1,7,235000.0,192000.0,43000.0,0,84,0,0.0,854000.0,0.0,3.300767851639742,1
retail_wholesale,14,0,228000.0,7,1,5,172000.0,165000.0,7000.0,1,84,0,0.0,766000.0,0.0,2.694038418573327,1
textiles,5,0,306000.0,5,0,5,219000.0,167000.0,52000.0,0,60,1,56000.0,2283000.0,0.2557077625570776,1.1509628585128355,1
services,12,1,812000.0,2,1,4,553000.0,415000.0,138000.0,1,15,0,0.0,4598000.0,0.0,1.4432603601270089,1
retail_wholesale,5,0,633000.0,1,0,5,438000.0,372000.0,66000.0,0,45,0,0.0,2431000.0,0.0,2.161896465929588,1
retail_wholesale,9,1,806000.0,1,0,9,651000.0,534000.0,117000.0,1,55,0,0.0,638000.0,0.0,12.247043618310327,1
food,7,0,1073000.0,7,0,1,756000.0,698000.0,58000.0,0,84,1,76000.0,729000.0,0.10052910052910052,12.452515046214343,1
services,2,1,347000.0,6,0,2,198000.0,141000.0,57000.0,2,24,0,0.0,2121000.0,0.0,1.1203300856126388,1
services,2,1,2815000.0,6,1,2,1473000.0,1286000.0,187000.0,0,24,0,0.0,986000.0,0.0,17.932344871411463,1
retail_wholesale,16,0,497000.0,3,1,9,274000.0,246000.0,28000.0,0,146,0,0.0,2171000.0,0.0,1.5145532640924495,1
retail_wholesale,11,0,421000.0,5,0,8,253000.0,246000.0,7000.0,0,132,0,0.0,2250000.0,0.0,1.3495842890788743,1
retail_wholesale,5,0,1053000.0,6,1,5,681000.0,504000.0,177000.0,0,60,0,0.0,1491000.0,0.0,5.481731415493396,1
retail_wholesale,5,0,104000.0,3,1,5,89000.0,68000.0,21000.0,0,60,0,0.0,5942000.0,0.0,0.17974573386228432,1
textiles,3,0,295000.0,3,1,3,176000.0,169000.0,7000.0,0,36,0,0.0,2850000.0,0.0,0.7409722248836375,1
retail_wholesale,8,1,1734000.0,6,1,5,1089000.0,955000.0,134000.0,0,96,0,0.0,4138000.0,0.0,3.1583975226952368,1
retail_wholesale,3,1,114000.0,3,0,3,67000.0,48000.0,19000.0,2,36,0,0.0,3475000.0,0.0,0.23138963788465902,0
retail_wholesale,4,1,1987000.0,2,0,4,1427000.0,1030000.0,397000.0,0,48,1,403000.0,1828000.0,0.28241065171688856,9.368733717350604,1
food,3,1,2946000.0,2,0,3,2200000.0,2024000.0,176000.0,0,36,0,0.0,1780000.0,0.0,14.833456152237568,1
retail_wholesale,10,1,449000.0,4,0,10,320000.0,275000.0,45000.0,2,117,0,0.0,1673000.0,0.0,2.295377247815347,1
services,5,0,870000.0,4,1,5,766000.0,657000.0,109000.0,0,60,0,0.0,3010000.0,0.0,3.05422234445445,1
retail_wholesale,6,1,1990000.0,3,0,6,1788000.0,1692000.0,96000.0,1,72,0,0.0,1354000.0,0.0,15.848522089362529,1
light_manufacturing,2,0,408000.0,3,1,2,340000.0,261000.0,79000.0,0,24,0,0.0,5630000.0,0.0,0.7246474941276733,0
retail_wholesale,3,0,1548000.0,3,0,3,1273000.0,948000.0,325000.0,0,36,0,0.0,1278000.0,0.0,11.949116839555865,1
services,7,0,332000.0,6,1,7,215000.0,187000.0,28000.0,0,41,0,0.0,2275000.0,0.0,1.1342335936840204,1
services,1,0,403000.0,2,0,1,295000.0,279000.0,16000.0,0,12,1,58000.0,1743000.0,0.19661016949152543,2.030796404923037,0
light_manufacturing,5,1,292000.0,6,1,1,187000.0,145000.0,42000.0,0,60,0,0.0,1526000.0,0.0,1.470479878875168,1
services,6,1,916000.0,1,0,1,745000.0,664000.0,81000.0,1,7,1,151000.0,7364000.0,0.20268456375838925,1.2140723620316742,1
services,2,0,2069000.0,3,1,2,1177000.0,874000.0,303000.0,0,24,0,0.0,1537000.0,0.0,9.19041324670301,1
textiles,12,0,541000.0,6,0,12,317000.0,237000.0,80000.0,2,76,0,0.0,1666000.0,0.0,2.283566951090915,1
services,8,1,182000.0,6,1,8,94000.0,90000.0,4000.0,0,96,1,44000.0,1343000.0,0.46808510638297873,0.8401113231127927,1
retail_wholesale,5,1,220000.0,4,0,3,164000.0,120000.0,44000.0,0,60,0,0.0,2050000.0,0.0,0.9600655156854107,1
textiles,3,0,964000.0,2,0,3,748000.0,529000.0,219000.0,2,36,1,138000.0,1882000.0,0.18449197860962566,4.769259198902607,1
food,1,0,4110000.0,3,1,1,2060000.0,1889000.0,171000.0,2,12,0,0.0,1022000.0,0.0,24.191887034631215,1
services,11,1,964000.0,2,1,11,679000.0,544000.0,135000.0,0,104,0,0.0,1550000.0,0.0,5.255353316479933,1
food,4,0,441000.0,1,1,4,287000.0,233000.0,54000.0,0,48,0,0.0,2883000.0,0.0,1.194436445393494,0
retail_wholesale,2,0,1399000.0,4,0,2,1143000.0,1056000.0,87000.0,0,24,0,0.0,3704000.0,0.0,3.7032978903962275,1
textiles,3,1,512000.0,1,0,3,264000.0,198000.0,66000.0,0,36,0,0.0,2029000.0,0.0,1.561353269416451,1
retail_wholesale,8,0,445000.0,5,1,7,231000.0,204000.0,27000.0,1,29,0,0.0,2072000.0,0.0,1.3377980637681632,1
retail_wholesale,7,1,249000.0,4,1,7,186000.0,147000.0,39000.0,0,84,0,0.0,1611000.0,0.0,1.3858974484574282,0
food,2,0,2658000.0,7,1,2,1958000.0,1428000.0,530000.0,0,8,1,248000.0,1479000.0,0.12665985699693566,15.881390810532567,1
retail_wholesale,13,0,100000.0,7,1,13,83000.0,74000.0,9000.0,0,156,0,0.0,1152000.0,0.0,0.8646665099421771,1
retail_wholesale,1,1,1444000.0,4,0,1,1064000.0,840000.0,224000.0,0,12,0,0.0,786000.0,0.0,16.244989661194936,0
retail_wholesale,14,0,409000.0,4,1,14,360000.0,339000.0,21000.0,0,31,0,0.0,1312000.0,0.0,3.292266476276902,1
retail_wholesale,7,0,431000.0,5,1,7,270000.0,258000.0,12000.0,0,84,0,0.0,3440000.0,0.0,0.9417592868779515,1
retail_wholesale,4,0,3531000.0,5,0,4,2327000.0,2182000.0,145000.0,0,48,0,0.0,1550000.0,0.0,18.011123138234595,1
retail_wholesale,5,1,318000.0,5,0,5,284000.0,224000.0,60000.0,4,60,0,0.0,1625000.0,0.0,2.097171723448637,0
services,6,0,329000.0,3,0,6,179000.0,137000.0,42000.0,2,72,1,75000.0,1606000.0,0.41899441340782123,1.3373380601247993,0
retail_wholesale,9,0,571000.0,5,1,8,467000.0,444000.0,23000.0,0,108,0,0.0,4221000.0,0.0,1.3277806290161498,1
light_manufacturing,1,0,983000.0,5,0,1,496000.0,410000.0,86000.0,0,12,1,204000.0,1146000.0,0.4112903225806452,5.194548235110501,0
services,3,1,418000.0,4,0,3,290000.0,260000.0,30000.0,2,36,0,0.0,2362000.0,0.0,1.4735185470565553,0
food,6,0,135000.0,6,0,5,76000.0,71000.0,5000.0,2,72,0,0.0,1920000.0,0.0,0.4751224164421771,0
retail_wholesale,13,0,273000.0,6,1,13,202000.0,157000.0,45000.0,2,46,0,0.0,2083000.0,0.0,1.163596677870135,1
textiles,13,0,2341000.0,6,0,9,1918000.0,1407000.0,511000.0,0,156,0,0.0,2316000.0,0.0,9.938659986996228,1
services,16,0,700000.0,5,0,14,359000.0,314000.0,45000.0,0,103,0,0.0,2070000.0,0.0,2.081372672129502,1
services,12,1,1021000.0,3,0,12,577000.0,499000.0,78000.0,1,144,0,0.0,3219000.0,0.0,2.15121613145957,0
services,3,1,500000.0,4,0,3,319000.0,247000.0,72000.0,0,20,1,104000.0,1965000.0,0.32601880877742945,1.9478957547671578,0
textiles,6,0,336000.0,4,0,6,202000.0,174000.0,28000.0,0,32,1,84000.0,5696000.0,0.4158415841584158,0.4255580347368291,0
textiles,12,0,3479000.0,4,0,0,2273000.0,2094000.0,179000.0,0,15,1,824000.0,2054000.0,0.36251649802023755,13.27884345094307,1
retail_wholesale,11,1,538000.0,4,0,2,474000.0,378000.0,96000.0,0,132,0,0.0,720000.0,0.0,7.9033888946887005,1
services,5,0,417000.0,6,1,3,225000.0,173000.0,52000.0,0,60,1,32000.0,2933000.0,0.14222222222222222,0.9204601025958572,0
retail_wholesale,8,0,1945000.0,2,1,6,1302000.0,1176000.0,126000.0,0,96,0,0.0,2530000.0,0.0,6.174345777011369,1
services,4,1,316000.0,3,0,4,216000.0,199000.0,17000.0,0,27,0,0.0,2039000.0,0.0,1.2709384681414864,1
services,1,1,359000.0,3,0,1,220000.0,213000.0,7000.0,0,12,0,0.0,1712000.0,0.0,1.5424538015420615,1
retail_wholesale,5,0,657000.0,5,0,5,402000.0,298000.0,104000.0,0,60,0,0.0,562000.0,0.0,8.578231031349567,1
textiles,5,0,650000.0,3,0,1,511000.0,485000.0,26000.0,3,60,1,58000.0,622000.0,0.11350293542074363,9.859941325232194,1
retail_wholesale,4,1,843000.0,1,0,4,630000.0,576000.0,54000.0,0,48,0,0.0,5374000.0,0.0,1.4066520907963487,0
services,9,0,5264000.0,5,0,0,4343000.0,3894000.0,449000.0,0,30,1,1204000.0,1408000.0,0.27722772277227725,37.02622275180329,1
retail_wholesale,5,0,910000.0,3,1,5,602000.0,474000.0,128000.0,0,60,0,0.0,3570000.0,0.0,2.023622817408051,1
light_manufacturing,8,0,100000.0,5,0,8,74000.0,52000.0,22000.0,0,96,0,0.0,764000.0,0.0,1.1617055736839332,0
retail_wholesale,10,0,901000.0,5,1,10,772000.0,650000.0,122000.0,0,67,0,0.0,1067000.0,0.0,8.680713428269868,1
light_manufacturing,25,0,675000.0,4,0,12,567000.0,442000.0,125000.0,0,101,0,0.0,3005000.0,0.0,2.2641036154713765,1
services,5,0,679000.0,1,0,5,589000.0,460000.0,129000.0,2,60,0,0.0,1881000.0,0.0,3.7581657101283064,1
textiles,13,1,831000.0,2,1,13,505000.0,485000.0,20000.0,0,100,0,0.0,2761000.0,0.0,2.194517745197044,0
services,7,0,632000.0,3,1,7,565000.0,420000.0,145000.0,4,13,0,0.0,1984000.0,0.0,3.417842352681566,0
services,7,1,617000.0,2,1,7,510000.0,490000.0,20000.0,0,58,1,84000.0,1766000.0,0.16470588235294117,3.466058586552545,0
light_manufacturing,5,0,1200000.0,5,0,5,981000.0,825000.0,156000.0,0,60,0,0.0,1330000.0,0.0,8.85164171836751,1
retail_wholesale,6,1,378000.0,7,0,6,290000.0,271000.0,19000.0,0,64,1,29000.0,977000.0,0.1,3.56187362930995,1
textiles,5,0,252000.0,3,1,5,225000.0,175000.0,50000.0,0,60,1,13000.0,4640000.0,0.057777777777777775,0.581865369793374,1
retail_wholesale,12,1,13370000.0,4,0,0,9046000.0,7938000.0,1108000.0,3,115,0,0.0,5122000.0,0.0,21.193545475237233,1
textiles,3,1,318000.0,5,1,3,253000.0,217000.0,36000.0,1,36,1,26000.0,1072000.0,0.10276679841897234,2.8309587970487606,1
retail_wholesale,1,1,718000.0,5,0,1,560000.0,537000.0,23000.0,0,12,0,0.0,1031000.0,0.0,6.51683243593607,1
textiles,4,0,146000.0,5,0,4,115000.0,86000.0,29000.0,0,48,1,31000.0,1623000.0,0.26956521739130435,0.8501012695583504,0
textiles,3,0,730000.0,8,1,3,585000.0,443000.0,142000.0,4,36,0,0.0,2453000.0,0.0,2.8615259415977183,0
food,4,1,256000.0,1,1,4,147000.0,142000.0,5000.0,0,31,0,0.0,1793000.0,0.0,0.9836626282373225,1
food,5,0,418000.0,4,0,4,267000.0,194000.0,73000.0,0,60,0,0.0,2699000.0,0.0,1.1871325880281927,1
services,4,0,1848000.0,7,0,4,1214000.0,1066000.0,148000.0,0,48,0,0.0,1942000.0,0.0,7.502449224000542,1
services,5,1,1042000.0,2,1,5,833000.0,597000.0,236000.0,0,60,0,0.0,1867000.0,0.0,5.353853153487739,1
food,4,0,1148000.0,5,0,4,903000.0,652000.0,251000.0,1,48,0,0.0,8508000.0,0.0,1.2736407119025697,1
textiles,8,0,111000.0,2,0,7,92000.0,80000.0,12000.0,0,96,1,9000.0,1459000.0,0.09782608695652174,0.756475386920848,1
light_manufacturing,24,1,4080000.0,4,1,5,3327000.0,2843000.0,484000.0,1,76,0,0.0,5350000.0,0.0,7.4622899473940025,1
retail_wholesale,7,0,197000.0,6,0,7,146000.0,126000.0,20000.0,0,53,0,0.0,4765000.0,0.0,0.36769296303232907,1
retail_wholesale,4,1,2997000.0,2,0,4,1667000.0,1388000.0,279000.0,0,48,1,354000.0,2706000.0,0.21235752849430115,7.391487269533803,0
retail_wholesale,1,0,1805000.0,4,1,1,1362000.0,1237000.0,125000.0,0,12,0,0.0,630000.0,0.0,25.955739975811948,1
services,19,0,1158000.0,3,0,8,990000.0,968000.0,22000.0,1,217,0,0.0,2038000.0,0.0,5.830336043855703,1
retail_wholesale,7,0,276000.0,4,1,2,209000.0,162000.0,47000.0,0,12,1,47000.0,1469000.0,0.22488038277511962,1.7077134238333376,1
services,5,0,756000.0,4,1,5,649000.0,513000.0,136000.0,2,60,0,0.0,2024000.0,0.0,3.8473418916014226,1
services,1,0,406000.0,4,1,1,365000.0,289000.0,76000.0,0,12,0,0.0,1057000.0,0.0,4.144083354513906,1
retail_wholesale,5,0,669000.0,1,0,5,431000.0,394000.0,37000.0,0,60,0,0.0,3148000.0,0.0,1.642726745598958,1
services,6,1,506000.0,2,0,6,400000.0,319000.0,81000.0,2,55,1,34000.0,3612000.0,0.085,1.3290677027867468,1
services,4,1,100000.0,4,0,4,72000.0,64000.0,8000.0,1,48,0,0.0,4036000.0,0.0,0.21409310853343266,1
retail_wholesale,2,0,1996000.0,3,1,2,1361000.0,1123000.0,238000.0,0,24,0,0.0,1590000.0,0.0,10.270610043666789,1
retail_wholesale,2,1,599000.0,5,0,2,357000.0,311000.0,46000.0,1,24,0,0.0,1059000.0,0.0,4.0446500528345615,1
retail_wholesale,20,1,400000.0,5,0,9,240000.0,224000.0,16000.0,0,48,0,0.0,2470000.0,0.0,1.1660643367310404,1
retail_wholesale,6,1,371000.0,5,1,6,213000.0,180000.0,33000.0,0,72,1,88000.0,5736000.0,0.4131455399061033,0.4455934733602663,0
retail_wholesale,4,0,930000.0,3,1,4,700000.0,583000.0,117000.0,1,48,1,204000.0,2085000.0,0.2914285714285714,4.0287282060269645,0
light_manufacturing,6,1,266000.0,3,0,6,148000.0,115000.0,33000.0,1,9,1,62000.0,2624000.0,0.4189189189189189,0.6769473439132179,0
retail_wholesale,6,1,100000.0,4,1,6,67000.0,57000.0,10000.0,0,72,0,0.0,1737000.0,0.0,0.46285144809097506,1
retail_wholesale,1,1,977000.0,3,0,1,693000.0,536000.0,157000.0,3,12,1,93000.0,1479000.0,0.1341991341991342,5.62441145825733,0
services,11,1,1092000.0,7,0,4,738000.0,691000.0,47000.0,0,107,0,0.0,2969000.0,0.0,2.9831579425498593,1
textiles,5,0,532000.0,5,1,5,448000.0,362000.0,86000.0,2,60,0,0.0,1877000.0,0.0,2.8646250902836035,1
light_manufacturing,6,1,206000.0,7,0,6,140000.0,103000.0,37000.0,1,72,1,44000.0,2548000.0,0.3142857142857143,0.6593721833243746,1
services,15,0,710000.0,3,0,7,379000.0,291000.0,88000.0,2,113,0,0.0,2712000.0,0.0,1.677049972193548,1
food,2,0,150000.0,6,0,2,135000.0,115000.0,20000.0,1,24,1,33000.0,2464000.0,0.24444444444444444,0.6575521945078533,1
retail_wholesale,3,1,233000.0,5,0,3,195000.0,187000.0,8000.0,4,36,0,0.0,2795000.0,0.0,0.8371856384488806,1
light_manufacturing,7,0,307000.0,2,0,7,234000.0,183000.0,51000.0,0,84,0,0.0,1199000.0,0.0,2.3422892082124354,1
services,11,0,1512000.0,1,0,11,1213000.0,939000.0,274000.0,0,46,0,0.0,1156000.0,0.0,12.594670055543812,1
light_manufacturing,3,0,452000.0,2,1,3,249000.0,203000.0,46000.0,0,36,0,0.0,1950000.0,0.0,1.532698719663046,1
retail_wholesale,4,1,415000.0,3,0,4,335000.0,325000.0,10000.0,1,48,0,0.0,1978000.0,0.0,2.032510064533833,1
services,9,1,4590000.0,3,1,9,2677000.0,2507000.0,170000.0,0,72,1,389000.0,1462000.0,0.14531191632424356,21.97378011869452,1
textiles,23,0,925000.0,1,0,4,643000.0,477000.0,166000.0,2,61,0,0.0,2311000.0,0.0,3.3385905824756543,1
retail_wholesale,6,0,912000.0,4,0,4,521000.0,454000.0,67000.0,0,37,0,0.0,3449000.0,0.0,1.812711469011161,0
textiles,3,0,449000.0,4,1,3,360000.0,332000.0,28000.0,2,19,0,0.0,4078000.0,0.0,1.0592923567370551,1
services,2,0,358000.0,4,0,2,214000.0,196000.0,18000.0,0,24,0,0.0,4667000.0,0.0,0.5502531035590892,1
retail_wholesale,5,1,100000.0,1,1,5,60000.0,50000.0,10000.0,1,60,0,0.0,909000.0,0.0,0.7923355919559165,1
food,11,0,1713000.0,2,1,3,931000.0,842000.0,89000.0,3,132,0,0.0,995000.0,0.0,11.224092811054735,1
services,25,0,1018000.0,5,0,10,802000.0,692000.0,110000.0,0,187,0,0.0,1681000.0,0.0,5.72532910957929,1
retail_wholesale,5,0,543000.0,2,0,5,336000.0,254000.0,82000.0,0,60,1,70000.0,2099000.0,0.20833333333333334,1.9211873869717964,1
food,6,1,567000.0,5,1,6,401000.0,287000.0,114000.0,0,72,1,30000.0,1733000.0,0.07481296758104738,2.776014927208744,1
retail_wholesale,17,1,1357000.0,4,0,8,859000.0,690000.0,169000.0,1,204,0,0.0,1436000.0,0.0,7.180411621665783,1
retail_wholesale,7,0,137000.0,4,0,7,111000.0,80000.0,31000.0,1,84,0,0.0,1666000.0,0.0,0.7994632897094817,1
services,7,0,360000.0,2,1,7,213000.0,173000.0,40000.0,0,84,0,0.0,2673000.0,0.0,0.9562920341713069,1
services,15,0,209000.0,1,0,15,183000.0,171000.0,12000.0,0,107,0,0.0,901000.0,0.0,2.4382091408622144,1
retail_wholesale,6,1,3822000.0,7,1,6,2402000.0,2249000.0,153000.0,0,72,0,0.0,8159000.0,0.0,3.5326450253736428,1
light_manufacturing,2,1,1560000.0,6,0,2,845000.0,600000.0,245000.0,0,24,0,0.0,2025000.0,0.0,5.006538166731583,1
services,13,0,100000.0,4,1,6,60000.0,43000.0,17000.0,1,156,0,0.0,3757000.0,0.0,0.19163558905333636,1
retail_wholesale,1,0,143000.0,5,0,1,76000.0,67000.0,9000.0,0,12,0,0.0,1412000.0,0.0,0.6458038025906806,1
services,12,0,569000.0,4,0,4,391000.0,328000.0,63000.0,3,138,0,0.0,2823000.0,0.0,1.662133461104899,1
retail_wholesale,6,0,405000.0,3,1,6,243000.0,180000.0,63000.0,4,72,1,94000.0,2124000.0,0.3868312757201646,1.3730176611546754,0
light_manufacturing,5,0,173000.0,2,1,5,148000.0,137000.0,11000.0,2,60,0,0.0,3344000.0,0.0,0.5310662120843179,1
services,4,0,4545000.0,6,1,4,3212000.0,2443000.0,769000.0,0,12,1,977000.0,1775000.0,0.30417185554171855,21.711485712086482,1
services,5,0,888000.0,6,1,5,527000.0,380000.0,147000.0,0,60,1,81000.0,5074000.0,0.15370018975332067,1.246408977102601,1
retail_wholesale,4,0,1045000.0,3,0,3,711000.0,647000.0,64000.0,1,48,0,0.0,817000.0,0.0,10.442772669266613,1
services,8,0,325000.0,3,0,3,188000.0,164000.0,24000.0,1,96,1,20000.0,3535000.0,0.10638297872340426,0.638152404879501,1
retail_wholesale,4,0,1338000.0,3,0,4,765000.0,620000.0,145000.0,4,48,0,0.0,2148000.0,0.0,4.274418931749357,0
retail_wholesale,6,0,444000.0,4,0,4,276000.0,247000.0,29000.0,0,72,1,66000.0,1086000.0,0.2391304347826087,3.0507915300113084,1
retail_wholesale,1,0,490000.0,3,0,1,266000.0,254000.0,12000.0,0,12,0,0.0,6452000.0,0.0,0.49473202680050965,1
services,6,0,1197000.0,4,0,6,689000.0,489000.0,200000.0,4,72,0,0.0,6064000.0,0.0,1.3634616889364013,1
retail_wholesale,4,0,127000.0,8,1,4,112000.0,98000.0,14000.0,1,48,1,21000.0,576000.0,0.1875,2.332231439039838,1
services,11,0,3210000.0,4,1,11,2461000.0,1873000.0,588000.0,0,132,0,0.0,2224000.0,0.0,13.27996632436893,1
services,5,0,780000.0,3,1,5,677000.0,564000.0,113000.0,1,60,1,104000.0,3054000.0,0.1536189069423929,2.6598718111084385,1
retail_wholesale,10,0,2340000.0,1,1,10,1410000.0,1154000.0,256000.0,0,40,0,0.0,2607000.0,0.0,6.490413802036714,1
retail_wholesale,9,0,222000.0,6,1,9,187000.0,151000.0,36000.0,0,48,1,41000.0,4965000.0,0.2192513368983957,0.4519404037893009,0
retail_wholesale,9,0,258000.0,4,1,4,167000.0,126000.0,41000.0,0,87,0,0.0,4383000.0,0.0,0.4572241066039818,1
textiles,5,1,203000.0,5,1,5,113000.0,104000.0,9000.0,0,60,0,0.0,2345000.0,0.0,0.5782665225955841,1
services,6,0,835000.0,2,0,6,686000.0,553000.0,133000.0,0,72,0,0.0,7841000.0,0.0,1.0498209759366162,1
retail_wholesale,8,0,694000.0,2,1,7,364000.0,345000.0,19000.0,0,96,0,0.0,3509000.0,0.0,1.2448936993934336,1
services,6,1,409000.0,5,1,6,270000.0,216000.0,54000.0,0,33,0,0.0,1620000.0,0.0,2.00025534788145,1
retail_wholesale,5,0,236000.0,5,0,5,195000.0,182000.0,13000.0,0,60,0,0.0,1436000.0,0.0,1.6297266570691404,1
services,3,0,183000.0,5,0,3,137000.0,117000.0,20000.0,0,36,0,0.0,4217000.0,0.0,0.38983964709234015,1
light_manufacturing,6,1,619000.0,7,0,6,438000.0,354000.0,84000.0,0,72,0,0.0,1243000.0,0.0,4.229127201987612,1
services,1,0,408000.0,5,0,1,262000.0,235000.0,27000.0,1,12,0,0.0,1564000.0,0.0,2.010114451876737,1
services,1,0,327000.0,5,1,1,174000.0,160000.0,14000.0,0,12,1,29000.0,1732000.0,0.16666666666666666,1.2053893470431722,0
services,2,0,3054000.0,4,1,2,2737000.0,2286000.0,451000.0,0,24,1,737000.0,2476000.0,0.26927292656192914,13.266338184068442,1
retail_wholesale,9,1,599000.0,2,1,9,341000.0,279000.0,62000.0,0,108,1,91000.0,1781000.0,0.2668621700879765,2.297821925411781,1
retail_wholesale,7,0,2315000.0,7,1,2,1394000.0,1201000.0,193000.0,1,46,0,0.0,908000.0,0.0,18.432572044908987,1
retail_wholesale,9,0,381000.0,5,0,9,227000.0,196000.0,31000.0,2,79,0,0.0,4016000.0,0.0,0.6782131668541641,1
food,3,0,830000.0,4,0,3,717000.0,587000.0,130000.0,4,36,1,120000.0,1569000.0,0.16736401673640167,5.483366406560201,0
services,12,1,615000.0,5,1,7,495000.0,452000.0,43000.0,3,107,0,0.0,6720000.0,0.0,0.8839107274733836,1
textiles,2,0,119000.0,6,1,2,81000.0,66000.0,15000.0,0,24,0,0.0,2400000.0,0.0,0.4049706598002363,1
services,2,0,2712000.0,3,0,2,2392000.0,1978000.0,414000.0,2,24,0,0.0,4278000.0,0.0,6.70977094927983,1
retail_wholesale,12,0,568000.0,4,0,12,296000.0,257000.0,39000.0,0,77,0,0.0,2920000.0,0.0,1.2163404699167961,1
services,7,0,1371000.0,5,1,7,1176000.0,1148000.0,28000.0,1,84,0,0.0,4403000.0,0.0,3.205424579912977,0
retail_wholesale,9,0,306000.0,1,1,6,161000.0,124000.0,37000.0,3,108,1,54000.0,2816000.0,0.33540372670807456,0.686056809139504,0
retail_wholesale,7,0,551000.0,3,0,7,362000.0,277000.0,85000.0,1,84,0,0.0,2303000.0,0.0,1.8861677057955075,1
services,4,1,273000.0,6,1,4,142000.0,106000.0,36000.0,0,48,1,15000.0,3854000.0,0.1056338028169014,0.44214862080085354,1
light_manufacturing,2,0,2237000.0,4,0,2,2013000.0,1798000.0,215000.0,0,24,1,454000.0,8888000.0,0.22553402881271734,2.7177446053490795,0
textiles,1,0,887000.0,9,0,1,768000.0,634000.0,134000.0,0,12,0,0.0,1701000.0,0.0,5.417703875890306,0
retail_wholesale,18,0,938000.0,3,1,3,689000.0,557000.0,132000.0,0,13,0,0.0,3222000.0,0.0,2.5658486167039323,1
textiles,1,0,2528000.0,6,0,1,1484000.0,1124000.0,360000.0,1,12,0,0.0,1994000.0,0.0,8.932064609868378,0
retail_wholesale,15,0,2066000.0,3,1,9,1262000.0,1198000.0,64000.0,1,180,1,360000.0,2710000.0,0.28526148969889065,5.58911983371295,0
services,6,0,1397000.0,2,1,6,950000.0,783000.0,167000.0,0,72,0,0.0,2051000.0,0.0,5.557626009062262,1
services,7,0,157000.0,3,1,7,99000.0,86000.0,13000.0,1,84,0,0.0,548000.0,0.0,2.167923445432877,1
retail_wholesale,7,1,324000.0,4,0,7,165000.0,121000.0,44000.0,0,84,0,0.0,1774000.0,0.0,1.116346941123804,1
retail_wholesale,9,0,238000.0,1,1,5,182000.0,133000.0,49000.0,0,108,0,0.0,3643000.0,0.0,0.5994623155066919,1
retail_wholesale,3,0,1345000.0,6,1,3,1003000.0,721000.0,282000.0,0,36,0,0.0,1264000.0,0.0,9.524609779756602,1
light_manufacturing,1,0,771000.0,3,0,0,664000.0,533000.0,131000.0,0,12,0,0.0,3475000.0,0.0,2.2926732020082006,1
food,4,0,162000.0,3,1,4,112000.0,93000.0,19000.0,1,48,0,0.0,2233000.0,0.0,0.6019009168961664,0
services,8,1,538000.0,2,0,8,343000.0,264000.0,79000.0,1,96,0,0.0,1783000.0,0.0,2.3085715483556966,1
textiles,2,1,146000.0,6,0,2,103000.0,82000.0,21000.0,1,24,0,0.0,3444000.0,0.0,0.3588840035138308,1
textiles,12,0,616000.0,5,0,8,356000.0,250000.0,106000.0,0,144,0,0.0,3009000.0,0.0,1.419516037642057,1
retail_wholesale,5,0,124000.0,2,0,5,93000.0,74000.0,19000.0,0,60,0,0.0,2574000.0,0.0,0.4335602274954694,0
light_manufacturing,2,1,1103000.0,3,0,2,891000.0,653000.0,238000.0,0,24,1,179000.0,3679000.0,0.20089786756453423,2.9060898865866585,1
retail_wholesale,7,1,949000.0,6,1,7,533000.0,392000.0,141000.0,0,56,0,0.0,2259000.0,0.0,2.8311036632910627,1
textiles,8,0,4381000.0,8,0,8,2748000.0,1927000.0,821000.0,0,96,0,0.0,746000.0,0.0,44.23129027432367,1
services,8,0,1518000.0,7,0,8,1286000.0,1151000.0,135000.0,0,8,0,0.0,1594000.0,0.0,9.681033081823928,0
textiles,12,1,426000.0,6,0,10,299000.0,287000.0,12000.0,2,144,1,103000.0,677000.0,0.34448160535117056,5.296727713347631,1
light_manufacturing,1,1,1473000.0,2,0,1,1050000.0,918000.0,132000.0,0,12,0,0.0,2967000.0,0.0,4.24665127760859,1
retail_wholesale,12,0,161000.0,5,0,11,127000.0,92000.0,35000.0,1,98,0,0.0,3424000.0,0.0,0.4450678097913145,1
food,13,1,248000.0,7,0,13,182000.0,178000.0,4000.0,0,156,1,49000.0,3519000.0,0.2692307692307692,0.620636032468063,1
retail_wholesale,2,0,907000.0,5,1,2,479000.0,466000.0,13000.0,0,24,0,0.0,2682000.0,0.0,2.143088404061151,0
food,2,0,100000.0,9,0,2,82000.0,68000.0,14000.0,1,24,0,0.0,3575000.0,0.0,0.27526207362598976,1
retail_wholesale,10,1,626000.0,5,0,10,544000.0,397000.0,147000.0,1,29,1,49000.0,777000.0,0.0900735294117647,8.405745331305745,1
retail_wholesale,4,0,234000.0,4,0,4,122000.0,110000.0,12000.0,2,48,0,0.0,1875000.0,0.0,0.7808012742190125,1
retail_wholesale,14,1,719000.0,3,1,12,395000.0,383000.0,12000.0,1,142,0,0.0,856000.0,0.0,5.539141630612072,1
retail_wholesale,16,1,221000.0,4,0,16,173000.0,159000.0,14000.0,0,192,0,0.0,1613000.0,0.0,1.286973776114813,1
retail_wholesale,2,0,993000.0,4,0,2,737000.0,645000.0,92000.0,4,24,0,0.0,5275000.0,0.0,1.67672257677326,0
textiles,3,0,663000.0,3,0,3,433000.0,377000.0,56000.0,3,36,0,0.0,3854000.0,0.0,1.3482394211332318,1
textiles,6,0,2637000.0,7,0,6,1887000.0,1838000.0,49000.0,0,72,0,0.0,2976000.0,0.0,7.609340392693687,1
retail_wholesale,1,1,654000.0,5,0,1,511000.0,368000.0,143000.0,0,12,0,0.0,1794000.0,0.0,3.4189925019799965,1
retail_wholesale,1,1,301000.0,1,1,1,211000.0,157000.0,54000.0,0,12,0,0.0,1102000.0,0.0,2.297954074843354,1
retail_wholesale,3,0,508000.0,2,1,3,282000.0,263000.0,19000.0,1,36,0,0.0,2238000.0,0.0,1.5123952478632632,1
textiles,20,0,169000.0,7,0,17,91000.0,67000.0,24000.0,3,127,0,0.0,3894000.0,0.0,0.28039896854799756,1
retail_wholesale,7,0,976000.0,9,0,7,659000.0,532000.0,127000.0,1,84,0,0.0,2558000.0,0.0,3.0919588781196086,1
retail_wholesale,3,1,1172000.0,2,0,3,1019000.0,794000.0,225000.0,0,36,0,0.0,772000.0,0.0,15.831406131906228,1
retail_wholesale,2,0,7678000.0,2,1,2,5552000.0,4265000.0,1287000.0,0,24,0,0.0,2130000.0,0.0,31.285388083844794,1
food,2,0,349000.0,2,1,2,225000.0,159000.0,66000.0,0,24,0,0.0,635000.0,0.0,4.2550287029005744,1
retail_wholesale,4,0,497000.0,5,0,4,429000.0,368000.0,61000.0,0,48,0,0.0,3240000.0,0.0,1.588755188530436,1
textiles,3,1,365000.0,1,0,3,240000.0,195000.0,45000.0,0,36,0,0.0,1320000.0,0.0,2.1824492655319103,1
textiles,5,0,804000.0,6,0,2,565000.0,483000.0,82000.0,0,33,0,0.0,960000.0,0.0,7.061819665643477,1
services,8,1,952000.0,4,0,8,520000.0,408000.0,112000.0,0,74,0,0.0,3267000.0,0.0,1.9099453024391588,1
textiles,5,0,616000.0,2,0,5,490000.0,472000.0,18000.0,0,60,1,48000.0,2798000.0,0.09795918367346938,2.1017763729390264,0
services,10,0,1926000.0,2,0,5,1503000.0,1301000.0,202000.0,1,120,0,0.0,2299000.0,0.0,7.844269008445082,1
retail_wholesale,5,0,351000.0,2,1,5,287000.0,278000.0,9000.0,0,47,0,0.0,7450000.0,0.0,0.4623013340623599,1
services,17,0,1743000.0,3,0,4,1098000.0,876000.0,222000.0,0,124,0,0.0,2927000.0,0.0,4.500776379001072,1
textiles,10,0,1114000.0,5,0,7,751000.0,526000.0,225000.0,0,120,0,0.0,1358000.0,0.0,6.635168081158497,1
retail_wholesale,7,0,642000.0,5,0,7,364000.0,334000.0,30000.0,3,84,1,70000.0,2731000.0,0.19230769230769232,1.5994114812957894,0
textiles,8,0,474000.0,4,0,8,420000.0,391000.0,29000.0,1,96,0,0.0,1685000.0,0.0,2.9918900383880067,1
retail_wholesale,4,0,7359000.0,3,1,4,3933000.0,2818000.0,1115000.0,0,18,0,0.0,4277000.0,0.0,11.035382146799975,1
food,5,1,287000.0,3,1,5,218000.0,191000.0,27000.0,1,60,1,24000.0,2367000.0,0.11009174311926606,1.1050746938579716,1
services,5,0,876000.0,3,0,5,685000.0,606000.0,79000.0,1,11,1,218000.0,2512000.0,0.3182481751824818,3.2722213179977193,0
services,3,0,307000.0,1,0,2,173000.0,128000.0,45000.0,0,36,0,0.0,842000.0,0.0,2.466294522395251,1
light_manufacturing,2,0,3876000.0,2,1,2,2504000.0,2140000.0,364000.0,0,24,0,0.0,2075000.0,0.0,14.481007318955148,1
food,9,0,1578000.0,7,0,7,816000.0,627000.0,189000.0,0,108,0,0.0,1934000.0,0.0,5.06410823366051,1
food,11,0,330000.0,3,1,11,238000.0,168000.0,70000.0,0,132,0,0.0,1082000.0,0.0,2.6400634132593015,1
services,8,1,1085000.0,5,0,6,975000.0,919000.0,56000.0,0,96,0,0.0,1751000.0,0.0,6.68150026617823,1
retail_wholesale,5,0,841000.0,8,0,2,565000.0,473000.0,92000.0,0,60,1,54000.0,2598000.0,0.09557522123893805,2.6100736915383744,1
services,23,1,388000.0,2,1,10,347000.0,319000.0,28000.0,0,173,0,0.0,1995000.0,0.0,2.0874406157622345,1
food,3,1,1387000.0,6,0,3,764000.0,689000.0,75000.0,0,36,1,298000.0,857000.0,0.3900523560209424,10.695593073749052,1
retail_wholesale,7,0,959000.0,3,0,7,630000.0,616000.0,14000.0,0,27,1,89000.0,1698000.0,0.14126984126984127,4.453338811423334,1
retail_wholesale,13,1,806000.0,2,0,13,694000.0,571000.0,123000.0,0,92,1,169000.0,1510000.0,0.24351585014409222,5.514003923626181,0
services,2,1,623000.0,3,1,2,530000.0,434000.0,96000.0,0,24,0,0.0,2246000.0,0.0,2.831405079522329,1
retail_wholesale,9,0,1000000.0,2,1,4,630000.0,491000.0,139000.0,0,82,0,0.0,2105000.0,0.0,3.5909057635244928,0
retail_wholesale,18,1,818000.0,1,0,14,631000.0,552000.0,79000.0,0,184,0,0.0,1562000.0,0.0,4.846602238498515,1
retail_wholesale,6,0,690000.0,4,0,6,589000.0,492000.0,97000.0,1,72,0,0.0,1526000.0,0.0,4.631257548430765,1
retail_wholesale,7,1,342000.0,8,0,7,276000.0,250000.0,26000.0,0,84,0,0.0,2082000.0,0.0,1.5905366947936097,0
retail_wholesale,3,0,3536000.0,4,0,3,2657000.0,2125000.0,532000.0,0,36,0,0.0,3564000.0,0.0,8.945683120428358,1
services,8,0,227000.0,6,0,8,128000.0,94000.0,34000.0,0,96,1,24000.0,2364000.0,0.1875,0.649761530566565,0
retail_wholesale,3,0,997000.0,5,1,3,528000.0,497000.0,31000.0,0,36,0,0.0,4697000.0,0.0,1.34885876918728,1
services,6,0,472000.0,4,0,6,352000.0,328000.0,24000.0,0,72,0,0.0,3947000.0,0.0,1.070066481234841,1
services,1,0,3776000.0,3,0,1,2644000.0,2111000.0,533000.0,0,12,0,0.0,4909000.0,0.0,6.462672251556871,1
retail_wholesale,1,0,263000.0,4,1,1,157000.0,140000.0,17000.0,0,12,0,0.0,4546000.0,0.0,0.414398753714286,1
retail_wholesale,4,1,312000.0,7,1,4,192000.0,161000.0,31000.0,3,48,1,60000.0,5109000.0,0.3125,0.45100802413201635,0
textiles,4,0,246000.0,8,0,4,162000.0,148000.0,14000.0,0,48,1,17000.0,1001000.0,0.10493827160493827,1.9415492012844011,1
retail_wholesale,4,0,898000.0,3,0,1,627000.0,507000.0,120000.0,0,48,0,0.0,2949000.0,0.0,2.5510242983215465,1
retail_wholesale,10,1,165000.0,6,0,10,108000.0,92000.0,16000.0,0,120,0,0.0,4154000.0,0.0,0.3119672968832819,1
light_manufacturing,12,0,403000.0,2,1,1,264000.0,189000.0,75000.0,1,144,0,0.0,4630000.0,0.0,0.6842286731764953,1
light_manufacturing,7,1,100000.0,5,0,7,55000.0,41000.0,14000.0,0,84,1,15000.0,1260000.0,0.2727272727272727,0.5240169034373099,1
services,9,0,827000.0,1,1,3,700000.0,643000.0,57000.0,2,108,0,0.0,2967000.0,0.0,2.831074185064153,1
retail_wholesale,3,1,394000.0,4,1,3,293000.0,236000.0,57000.0,0,36,0,0.0,2092000.0,0.0,1.680438817654136,1
services,2,1,147000.0,4,0,2,82000.0,58000.0,24000.0,0,24,0,0.0,6058000.0,0.0,0.16242925882652498,1
services,8,0,1925000.0,2,0,2,1289000.0,963000.0,326000.0,0,96,0,0.0,870000.0,0.0,17.778701000400886,1
retail_wholesale,2,0,176000.0,3,0,2,117000.0,95000.0,22000.0,2,24,0,0.0,1261000.0,0.0,1.1137713553524973,1
textiles,2,0,1442000.0,5,0,2,1068000.0,962000.0,106000.0,4,12,0,0.0,675000.0,0.0,18.990284470797643,1
retail_wholesale,25,0,322000.0,6,0,17,240000.0,192000.0,48000.0,2,106,0,0.0,2181000.0,0.0,1.3203189568253044,1
retail_wholesale,6,0,3225000.0,3,1,3,2444000.0,2221000.0,223000.0,0,72,0,0.0,7779000.0,0.0,3.7700616306379215,1
food,4,1,1375000.0,5,1,4,1072000.0,1008000.0,64000.0,1,48,1,309000.0,1947000.0,0.28824626865671643,6.605419860316705,0
retail_wholesale,4,1,237000.0,4,0,4,128000.0,102000.0,26000.0,0,48,0,0.0,2125000.0,0.0,0.7228268748650081,1
retail_wholesale,1,0,260000.0,4,0,1,162000.0,150000.0,12000.0,0,12,0,0.0,2782000.0,0.0,0.6986937651980095,1
services,7,1,1191000.0,4,1,7,604000.0,444000.0,160000.0,0,84,0,0.0,1865000.0,0.0,3.885892468989029,1
light_manufacturing,5,0,500000.0,2,0,5,341000.0,278000.0,63000.0,3,54,0,0.0,2491000.0,0.0,1.642584729999859,1
textiles,11,1,549000.0,3,1,10,369000.0,268000.0,101000.0,0,92,0,0.0,2531000.0,0.0,1.7497515959516303,1
services,9,1,2320000.0,2,1,2,1841000.0,1316000.0,525000.0,0,108,0,0.0,1204000.0,0.0,18.345831137728897,1
light_manufacturing,4,1,307000.0,4,0,4,174000.0,125000.0,49000.0,0,48,0,0.0,1890000.0,0.0,1.1046046812001116,1
retail_wholesale,1,1,712000.0,2,1,1,536000.0,391000.0,145000.0,0,12,1,76000.0,3121000.0,0.1417910447761194,2.0605616585535578,0
retail_wholesale,6,1,1689000.0,5,0,6,1051000.0,982000.0,69000.0,0,72,0,0.0,3491000.0,0.0,3.6123404673817814,1
retail_wholesale,6,0,1460000.0,5,0,3,953000.0,812000.0,141000.0,2,21,1,195000.0,4359000.0,0.20461699895068206,2.623523076509614,1
retail_wholesale,1,1,554000.0,7,0,1,436000.0,421000.0,15000.0,0,12,0,0.0,2446000.0,0.0,2.1390991736650897,1
services,8,0,487000.0,6,0,8,257000.0,219000.0,38000.0,0,96,0,0.0,2476000.0,0.0,1.2455894209857818,1
retail_wholesale,2,0,114000.0,4,1,2,73000.0,64000.0,9000.0,0,24,0,0.0,3137000.0,0.0,0.27925015450861007,0
food,12,0,226000.0,4,1,12,148000.0,111000.0,37000.0,0,70,0,0.0,1400000.0,0.0,1.2688089073300126,1
retail_wholesale,5,0,894000.0,2,1,5,703000.0,599000.0,104000.0,0,60,0,0.0,1366000.0,0.0,6.176974035259412,1
retail_wholesale,3,1,566000.0,7,1,3,328000.0,265000.0,63000.0,0,36,1,95000.0,1856000.0,0.2896341463414634,2.1210187447176003,0
services,7,1,701000.0,5,1,2,616000.0,592000.0,24000.0,0,84,1,173000.0,931000.0,0.28084415584415584,7.942767558344296,0
retail_wholesale,6,1,1838000.0,4,1,6,1652000.0,1588000.0,64000.0,0,72,0,0.0,2553000.0,0.0,7.764838681519723,1
retail_wholesale,6,0,198000.0,2,1,6,164000.0,124000.0,40000.0,3,72,0,0.0,3753000.0,0.0,0.5243590582616572,0
retail_wholesale,11,0,513000.0,5,1,7,318000.0,278000.0,40000.0,0,132,0,0.0,1306000.0,0.0,2.921454941809763,1
food,7,1,785000.0,3,0,4,601000.0,528000.0,73000.0,0,49,0,0.0,2597000.0,0.0,2.777384370411064,1
textiles,3,0,321000.0,6,1,2,171000.0,147000.0,24000.0,2,36,0,0.0,1371000.0,0.0,1.4965259330779226,1
food,5,0,2720000.0,7,0,5,2308000.0,1696000.0,612000.0,0,60,0,0.0,1087000.0,0.0,25.484899978677987,1
retail_wholesale,15,0,1613000.0,2,0,5,1139000.0,1006000.0,133000.0,2,180,1,383000.0,6865000.0,0.3362598770851624,1.9908735802030066,1
retail_wholesale,3,0,869000.0,3,1,3,496000.0,458000.0,38000.0,3,20,0,0.0,1096000.0,0.0,5.429896095964057,0
services,8,0,3910000.0,3,0,4,2467000.0,1965000.0,502000.0,1,96,0,0.0,928000.0,0.0,31.891958635711593,1
textiles,11,0,145000.0,3,0,11,119000.0,100000.0,19000.0,0,123,1,10000.0,2275000.0,0.08403361344537816,0.6276945884853603,1
textiles,8,0,645000.0,5,0,8,547000.0,401000.0,146000.0,1,96,0,0.0,2350000.0,0.0,2.7936251953916993,1
services,6,1,938000.0,1,1,6,664000.0,638000.0,26000.0,0,72,0,0.0,2985000.0,0.0,2.669649138587084,0
services,7,1,260000.0,6,0,7,180000.0,132000.0,48000.0,0,19,0,0.0,6645000.0,0.0,0.3250501532162034,1
retail_wholesale,9,0,878000.0,3,0,9,703000.0,533000.0,170000.0,4,64,1,77000.0,1255000.0,0.10953058321479374,6.723702507417131,0
retail_wholesale,3,0,215000.0,6,1,3,179000.0,140000.0,39000.0,0,36,1,36000.0,1414000.0,0.2011173184357542,1.5196075319763642,1
textiles,6,0,1297000.0,4,1,3,1045000.0,973000.0,72000.0,1,72,0,0.0,5251000.0,0.0,2.3880880250464256,1
retail_wholesale,23,0,1872000.0,3,1,7,1224000.0,1097000.0,127000.0,0,137,0,0.0,3514000.0,0.0,4.180410276591744,1
services,8,1,853000.0,4,0,6,646000.0,453000.0,193000.0,0,96,0,0.0,3232000.0,0.0,2.39828738098802,1
food,6,0,102000.0,2,1,6,86000.0,65000.0,21000.0,0,17,1,16000.0,1404000.0,0.18604651162790697,0.7351157595411152,0
services,4,1,247000.0,1,1,1,139000.0,126000.0,13000.0,1,48,0,0.0,3930000.0,0.0,0.4244102126177676,0
services,3,0,1143000.0,4,0,3,749000.0,609000.0,140000.0,0,36,0,0.0,3238000.0,0.0,2.775507134449788,1
food,7,0,664000.0,3,0,7,347000.0,245000.0,102000.0,1,31,1,157000.0,2241000.0,0.45244956772334294,1.8581969007035253,0
services,7,1,100000.0,6,1,2,66000.0,64000.0,2000.0,0,84,1,22000.0,1408000.0,0.3333333333333333,0.5624886169804285,1
textiles,5,1,2253000.0,2,1,1,1822000.0,1353000.0,469000.0,2,60,1,280000.0,2132000.0,0.15367727771679474,10.254092922899588,1
services,25,0,745000.0,5,0,2,431000.0,363000.0,68000.0,0,79,1,73000.0,5378000.0,0.16937354988399073,0.9617700859828677,0
retail_wholesale,3,1,287000.0,5,0,3,205000.0,158000.0,47000.0,1,36,1,21000.0,1037000.0,0.1024390243902439,2.3711968340396705,1
food,3,1,1758000.0,3,0,3,905000.0,820000.0,85000.0,0,14,1,395000.0,1238000.0,0.43646408839779005,8.774226126791973,0
textiles,4,0,330000.0,3,0,3,284000.0,261000.0,23000.0,0,48,1,22000.0,1372000.0,0.07746478873239436,2.483477732751372,1
retail_wholesale,6,1,327000.0,3,1,5,270000.0,219000.0,51000.0,2,72,0,0.0,1563000.0,0.0,2.072838331783321,1
retail_wholesale,3,1,930000.0,4,1,3,660000.0,584000.0,76000.0,0,36,0,0.0,1981000.0,0.0,3.9975674442024425,1
services,7,1,3858000.0,3,1,4,3018000.0,2881000.0,137000.0,0,84,0,0.0,3555000.0,0.0,10.188006678596425,1
textiles,7,0,3296000.0,5,1,1,1785000.0,1657000.0,128000.0,1,84,0,0.0,2638000.0,0.0,8.119994004483232,1
retail_wholesale,9,1,931000.0,5,0,9,781000.0,637000.0,144000.0,1,81,0,0.0,2074000.0,0.0,4.51802390813435,1
retail_wholesale,4,1,1032000.0,4,0,4,811000.0,668000.0,143000.0,2,48,0,0.0,2362000.0,0.0,4.1209188457665915,1
retail_wholesale,14,1,1434000.0,6,1,4,786000.0,745000.0,41000.0,1,153,0,0.0,2908000.0,0.0,3.243219166530652,1
retail_wholesale,9,1,185000.0,3,0,5,165000.0,117000.0,48000.0,3,40,0,0.0,729000.0,0.0,2.715492215735755,1
light_manufacturing,3,1,1238000.0,5,1,3,630000.0,445000.0,185000.0,0,34,1,259000.0,3804000.0,0.4111111111111111,1.9872931657399822,1
retail_wholesale,3,1,312000.0,2,0,3,234000.0,177000.0,57000.0,0,36,1,55000.0,1218000.0,0.23504273504273504,2.305212980053171,1
retail_wholesale,5,1,894000.0,4,0,5,508000.0,473000.0,35000.0,1,60,0,0.0,1533000.0,0.0,3.9772549112214235,1
textiles,7,0,518000.0,6,0,7,408000.0,303000.0,105000.0,1,84,1,32000.0,2453000.0,0.0784313725490196,1.995730545691776,0
retail_wholesale,8,0,1073000.0,3,1,8,567000.0,442000.0,125000.0,0,96,1,208000.0,1912000.0,0.36684303350970016,3.559453389415227,1
retail_wholesale,9,1,731000.0,2,0,9,389000.0,341000.0,48000.0,0,52,1,139000.0,2679000.0,0.35732647814910024,1.7426819361784223,1
services,22,1,100000.0,6,0,0,69000.0,52000.0,17000.0,0,51,0,0.0,2178000.0,0.0,0.38022729656328896,1
textiles,1,0,777000.0,2,0,1,698000.0,548000.0,150000.0,1,12,0,0.0,1681000.0,0.0,4.981956399745867,1
light_manufacturing,5,0,1235000.0,5,0,5,754000.0,626000.0,128000.0,0,31,0,0.0,5005000.0,0.0,1.8078560792703868,1
textiles,20,0,1015000.0,3,1,16,756000.0,577000.0,179000.0,1,162,0,0.0,3059000.0,0.0,2.9659762824865963,1
food,10,1,587000.0,6,0,1,415000.0,406000.0,9000.0,1,100,0,0.0,2397000.0,0.0,2.0771823073316233,0
services,2,0,3358000.0,4,1,2,2810000.0,2096000.0,714000.0,0,24,1,650000.0,3030000.0,0.2313167259786477,11.127639385609525,1
services,7,1,887000.0,3,0,7,546000.0,512000.0,34000.0,0,84,0,0.0,1310000.0,0.0,5.001915112578091,1
services,5,1,1007000.0,2,1,5,727000.0,605000.0,122000.0,0,60,1,102000.0,7374000.0,0.14030261348005502,1.183016606707588,0
light_manufacturing,5,1,1847000.0,5,1,5,1626000.0,1197000.0,429000.0,0,19,0,0.0,1041000.0,0.0,18.73633714139386,1
services,4,0,934000.0,4,0,4,591000.0,433000.0,158000.0,0,48,0,0.0,2141000.0,0.0,3.3132149854188278,1
services,6,1,265000.0,5,1,6,179000.0,150000.0,29000.0,0,69,0,0.0,1684000.0,0.0,1.2753820276467849,0
retail_wholesale,12,0,100000.0,5,0,12,86000.0,69000.0,17000.0,1,16,0,0.0,1646000.0,0.0,0.6268801604697767,1
services,4,1,403000.0,1,1,4,255000.0,195000.0,60000.0,0,48,0,0.0,1523000.0,0.0,2.0093711033220094,0
retail_wholesale,9,1,1391000.0,2,0,9,907000.0,878000.0,29000.0,0,58,0,0.0,1259000.0,0.0,8.64665586473833,0
textiles,10,0,457000.0,7,0,5,284000.0,236000.0,48000.0,0,113,0,0.0,4080000.0,0.0,0.8352477475572364,1
services,14,0,1448000.0,3,0,0,1193000.0,1145000.0,48000.0,1,168,0,0.0,971000.0,0.0,14.747186061488494,1
light_manufacturing,3,1,754000.0,4,1,3,658000.0,491000.0,167000.0,0,36,0,0.0,3608000.0,0.0,2.1881813879072713,1
light_manufacturing,6,0,2357000.0,8,1,6,1773000.0,1332000.0,441000.0,0,72,1,154000.0,2951000.0,0.08685843203609701,7.2088530104578314,1
retail_wholesale,3,1,484000.0,2,1,1,363000.0,315000.0,48000.0,2,36,1,78000.0,1591000.0,0.21487603305785125,2.737216980059833,0
services,6,1,1038000.0,6,1,6,681000.0,528000.0,153000.0,0,72,1,166000.0,2753000.0,0.24375917767988253,2.9683377800353625,0
services,6,0,1078000.0,2,0,6,544000.0,409000.0,135000.0,0,15,0,0.0,1819000.0,0.0,3.588351295037676,1
retail_wholesale,2,1,2918000.0,3,1,2,1662000.0,1207000.0,455000.0,0,24,0,0.0,1033000.0,0.0,19.305402302065986,1
retail_wholesale,7,0,118000.0,5,1,4,66000.0,48000.0,18000.0,1,58,0,0.0,1040000.0,0.0,0.7617926486750092,1
retail_wholesale,22,0,411000.0,2,1,7,225000.0,205000.0,20000.0,1,47,1,32000.0,2964000.0,0.14222222222222222,0.9110474318035711,1
services,8,1,1519000.0,2,0,8,1157000.0,901000.0,256000.0,0,22,0,0.0,2873000.0,0.0,4.832904937592033,1
food,2,1,3050000.0,5,1,2,1691000.0,1647000.0,44000.0,1,24,1,466000.0,2313000.0,0.2755765819041987,8.774700963634537,0
light_manufacturing,3,1,826000.0,6,1,3,441000.0,331000.0,110000.0,1,36,0,0.0,1581000.0,0.0,3.3466471345783355,1
food,6,0,485000.0,3,0,6,317000.0,253000.0,64000.0,2,72,0,0.0,1784000.0,0.0,2.1322225455064188,1
light_manufacturing,3,0,1386000.0,2,1,3,831000.0,669000.0,162000.0,2,36,0,0.0,1645000.0,0.0,6.061552039384584,1
retail_wholesale,13,1,1549000.0,4,0,12,865000.0,727000.0,138000.0,1,156,0,0.0,701000.0,0.0,14.804040914759707,1
services,2,1,454000.0,6,1,0,253000.0,239000.0,14000.0,0,24,0,0.0,2075000.0,0.0,1.4632232807582486,1
retail_wholesale,8,0,904000.0,3,0,3,545000.0,509000.0,36000.0,0,28,0,0.0,2736000.0,0.0,2.390056649025053,0
textiles,1,1,2116000.0,4,0,1,1513000.0,1063000.0,450000.0,3,12,1,272000.0,2083000.0,0.1797752808988764,8.717117529818688,0
services,6,0,4305000.0,6,0,2,3458000.0,2817000.0,641000.0,0,72,0,0.0,5781000.0,0.0,7.177566178753914,1
light_manufacturing,2,0,1366000.0,2,0,2,1149000.0,1071000.0,78000.0,0,24,1,311000.0,1095000.0,0.27067014795474326,12.596119054854553,0
services,9,0,679000.0,3,0,2,544000.0,381000.0,163000.0,2,93,0,0.0,1345000.0,0.0,4.853090251182456,1
retail_wholesale,12,1,616000.0,1,0,12,463000.0,393000.0,70000.0,2,144,0,0.0,2166000.0,0.0,2.564900911601482,1
retail_wholesale,7,1,1135000.0,4,0,4,980000.0,757000.0,223000.0,1,84,0,0.0,2315000.0,0.0,5.0799259047001755,1
retail_wholesale,12,1,579000.0,4,0,2,410000.0,334000.0,76000.0,2,57,0,0.0,639000.0,0.0,7.697430138911746,1
retail_wholesale,1,0,786000.0,8,0,1,592000.0,484000.0,108000.0,0,12,0,0.0,2871000.0,0.0,2.47413793239849,1
services,6,0,226000.0,5,0,6,150000.0,121000.0,29000.0,1,72,0,0.0,2321000.0,0.0,0.7754198771329547,1
services,8,1,2378000.0,8,1,8,1500000.0,1425000.0,75000.0,3,96,0,0.0,561000.0,0.0,32.10013846365201,1
services,9,0,208000.0,6,1,9,131000.0,111000.0,20000.0,0,79,0,0.0,1865000.0,0.0,0.8430129787241588,1
services,8,0,422000.0,5,1,3,236000.0,225000.0,11000.0,0,96,1,83000.0,1231000.0,0.3516949152542373,2.30011910973319,0
services,9,1,717000.0,4,1,9,587000.0,530000.0,57000.0,1,108,0,0.0,1524000.0,0.0,4.6229034896700085,1
services,6,1,4760000.0,3,0,6,2485000.0,1984000.0,501000.0,0,62,0,0.0,896000.0,0.0,33.27786960340912,1
retail_wholesale,2,1,426000.0,3,1,2,328000.0,275000.0,53000.0,0,24,1,65000.0,2567000.0,0.19817073170731708,1.5331195656875534,0
retail_wholesale,4,0,334000.0,6,0,2,282000.0,228000.0,54000.0,0,48,1,80000.0,5756000.0,0.28368794326241137,0.5879257778729924,0
textiles,13,0,375000.0,1,0,3,262000.0,244000.0,18000.0,0,70,0,0.0,2345000.0,0.0,1.3408913099252986,1
services,12,0,3415000.0,5,0,2,1803000.0,1357000.0,446000.0,0,112,0,0.0,547000.0,0.0,39.52138328853747,1
retail_wholesale,8,0,100000.0,5,0,8,67000.0,64000.0,3000.0,2,96,0,0.0,2374000.0,0.0,0.33869312662593837,1
food,10,0,238000.0,2,1,8,152000.0,131000.0,21000.0,0,120,0,0.0,1780000.0,0.0,1.024974758477577,1
services,11,0,9979000.0,4,1,10,8924000.0,7775000.0,1149000.0,1,6,0,0.0,1033000.0,0.0,103.65947692147871,1
retail_wholesale,8,0,1174000.0,2,0,8,911000.0,770000.0,141000.0,0,96,0,0.0,2473000.0,0.0,4.421030389294292,1
retail_wholesale,13,0,215000.0,5,0,7,170000.0,145000.0,25000.0,0,49,1,44000.0,3391000.0,0.25882352941176473,0.6016639515334505,0
services,13,0,623000.0,6,0,13,440000.0,390000.0,50000.0,0,156,0,0.0,1339000.0,0.0,3.9427364247746612,1
services,25,0,695000.0,5,0,2,545000.0,481000.0,64000.0,2,165,0,0.0,746000.0,0.0,8.767306839760083,1
retail_wholesale,4,0,1515000.0,5,0,4,1195000.0,908000.0,287000.0,3,48,0,0.0,598000.0,0.0,23.972539753427192,1
services,4,0,4091000.0,8,0,2,2154000.0,1859000.0,295000.0,0,48,0,0.0,1341000.0,0.0,19.268990696344808,1
retail_wholesale,8,0,959000.0,2,0,5,565000.0,452000.0,113000.0,4,80,0,0.0,1822000.0,0.0,3.7215193151204677,0
services,20,0,379000.0,5,0,6,191000.0,168000.0,23000.0,0,79,0,0.0,1467000.0,0.0,1.5618655254887504,1
retail_wholesale,14,0,1428000.0,1,1,14,1005000.0,858000.0,147000.0,0,168,0,0.0,1327000.0,0.0,9.085831901462754,1
textiles,10,0,323000.0,3,1,10,275000.0,206000.0,69000.0,1,37,1,77000.0,2812000.0,0.28,1.1735526154353364,1
retail_wholesale,14,0,231000.0,3,1,14,172000.0,156000.0,16000.0,0,168,0,0.0,2640000.0,0.0,0.7817682321986154,1
retail_wholesale,8,0,112000.0,4,0,1,78000.0,65000.0,13000.0,2,96,1,10000.0,2254000.0,0.1282051282051282,0.4151800386644211,0
services,5,0,136000.0,5,0,5,118000.0,101000.0,17000.0,0,60,0,0.0,3264000.0,0.0,0.43378604257700976,1
retail_wholesale,23,0,265000.0,3,1,1,151000.0,134000.0,17000.0,1,67,1,58000.0,1349000.0,0.3841059602649007,1.343218283704864,1
retail_wholesale,8,1,200000.0,5,1,8,106000.0,94000.0,12000.0,0,96,0,0.0,1037000.0,0.0,1.2265174663143628,1
retail_wholesale,13,0,889000.0,2,0,13,771000.0,701000.0,70000.0,0,15,0,0.0,1462000.0,0.0,6.328686864981414,1
services,1,0,196000.0,5,1,1,169000.0,128000.0,41000.0,0,12,1,13000.0,1403000.0,0.07692307692307693,1.4458314704840978,1
services,1,0,100000.0,2,0,1,77000.0,56000.0,21000.0,3,12,0,0.0,584000.0,0.0,1.5818313937023807,1
light_manufacturing,7,0,229000.0,4,1,7,137000.0,122000.0,15000.0,0,84,0,0.0,1442000.0,0.0,1.140339813267251,1
retail_wholesale,3,0,405000.0,3,1,3,360000.0,276000.0,84000.0,0,36,1,45000.0,3881000.0,0.125,1.1131545132587075,1
retail_wholesale,7,0,355000.0,4,0,3,286000.0,209000.0,77000.0,0,73,0,0.0,3234000.0,0.0,1.0612887194061125,1
retail_wholesale,4,1,2971000.0,5,1,4,2286000.0,1684000.0,602000.0,0,48,0,0.0,2741000.0,0.0,10.008680039305407,1
textiles,25,0,352000.0,7,1,2,207000.0,163000.0,44000.0,0,193,0,0.0,2164000.0,0.0,1.1476910684779709,1
light_manufacturing,12,1,1569000.0,6,1,10,1106000.0,1081000.0,25000.0,1,27,0,0.0,4771000.0,0.0,2.782000453860328,1
services,15,0,638000.0,5,1,13,529000.0,394000.0,135000.0,0,180,1,115000.0,1059000.0,0.21739130434782608,5.996004669594533,1
textiles,1,0,623000.0,1,1,1,526000.0,412000.0,114000.0,0,12,0,0.0,1121000.0,0.0,5.63051930142315,1
retail_wholesale,10,0,282000.0,5,0,9,204000.0,195000.0,9000.0,0,120,0,0.0,3926000.0,0.0,0.6234710289593971,1
services,5,1,613000.0,3,1,5,435000.0,422000.0,13000.0,0,60,0,0.0,2033000.0,0.0,2.56712676503576,1
food,16,1,302000.0,5,0,10,236000.0,180000.0,56000.0,0,75,1,24000.0,1337000.0,0.1016949152542373,2.118149816349628,1
retail_wholesale,9,0,770000.0,2,1,5,548000.0,519000.0,29000.0,0,108,0,0.0,2785000.0,0.0,2.3610931268461823,1
retail_wholesale,6,0,513000.0,5,0,6,342000.0,253000.0,89000.0,0,34,0,0.0,1537000.0,0.0,2.6695104520825517,1
retail_wholesale,2,1,253000.0,4,0,2,135000.0,123000.0,12000.0,1,24,1,45000.0,1210000.0,0.3333333333333333,1.3388275469140185,0
retail_wholesale,7,0,1753000.0,3,0,7,965000.0,679000.0,286000.0,0,42,0,0.0,1190000.0,0.0,9.731259952202997,1
retail_wholesale,13,1,996000.0,7,0,5,801000.0,652000.0,149000.0,1,156,0,0.0,2426000.0,0.0,3.962739268898637,1
food,16,0,415000.0,3,1,4,212000.0,163000.0,49000.0,0,62,1,38000.0,2263000.0,0.1792452830188679,1.1242331591656438,1
textiles,4,1,752000.0,5,0,4,392000.0,352000.0,40000.0,2,44,1,142000.0,4969000.0,0.3622448979591837,0.9466914758475354,1
retail_wholesale,25,1,598000.0,4,1,1,515000.0,363000.0,152000.0,3,23,1,86000.0,1681000.0,0.1669902912621359,3.677468614058224,1
retail_wholesale,12,1,273000.0,4,0,5,213000.0,177000.0,36000.0,0,144,0,0.0,1663000.0,0.0,1.53662126943049,1
light_manufacturing,3,0,697000.0,2,0,3,350000.0,313000.0,37000.0,0,36,1,80000.0,4744000.0,0.22857142857142856,0.8852875481468526,0
services,2,0,349000.0,4,0,2,218000.0,155000.0,63000.0,0,24,0,0.0,3613000.0,0.0,0.7240543481331282,0
textiles,5,0,253000.0,6,0,5,203000.0,193000.0,10000.0,1,46,0,0.0,2182000.0,0.0,1.1165808316441197,1
retail_wholesale,4,0,128000.0,4,0,4,86000.0,69000.0,17000.0,0,48,1,22000.0,784000.0,0.2558139534883721,1.3164768562571636,0
services,8,1,454000.0,4,0,8,312000.0,233000.0,79000.0,0,96,0,0.0,1229000.0,0.0,3.046886493508345,1
retail_wholesale,6,1,1146000.0,5,1,6,783000.0,598000.0,185000.0,0,72,0,0.0,1063000.0,0.0,8.842713306414451,1
retail_wholesale,5,1,325000.0,4,1,5,188000.0,149000.0,39000.0,0,60,1,54000.0,2044000.0,0.2872340425531915,1.1035972670210328,0
services,1,0,8084000.0,5,1,1,6375000.0,4817000.0,1558000.0,0,12,0,0.0,1474000.0,0.0,51.89114862992162,1
food,10,1,1576000.0,2,0,3,853000.0,719000.0,134000.0,0,10,0,0.0,5233000.0,0.0,1.9562332286044195,1
services,1,0,2395000.0,2,0,1,1684000.0,1477000.0,207000.0,1,12,0,0.0,779000.0,0.0,25.940195443702574,1
textiles,13,1,1440000.0,3,1,13,818000.0,672000.0,146000.0,1,32,1,153000.0,996000.0,0.18704156479217604,9.851959377706542,1
services,1,1,4146000.0,6,0,1,2150000.0,1762000.0,388000.0,0,12,0,0.0,2316000.0,0.0,11.138973005520155,1
retail_wholesale,1,1,296000.0,3,1,1,165000.0,152000.0,13000.0,0,12,0,0.0,2735000.0,0.0,0.7240375916962076,1
retail_wholesale,3,1,100000.0,4,0,3,85000.0,67000.0,18000.0,2,36,0,0.0,500000.0,0.0,2.04,1
retail_wholesale,4,0,416000.0,3,0,4,237000.0,207000.0,30000.0,1,48,0,0.0,706000.0,0.0,4.028162944047872,1
retail_wholesale,3,0,1136000.0,2,0,3,694000.0,659000.0,35000.0,2,22,1,156000.0,1707000.0,0.22478386167146974,4.8775271829781195,0
services,4,1,756000.0,4,1,4,420000.0,320000.0,100000.0,4,48,0,0.0,4512000.0,0.0,1.116984588349407,1
retail_wholesale,7,0,856000.0,1,1,1,680000.0,594000.0,86000.0,0,84,0,0.0,6208000.0,0.0,1.3144790892292622,1
textiles,3,0,2435000.0,2,1,3,1652000.0,1595000.0,57000.0,1,36,1,424000.0,1560000.0,0.2566585956416465,12.710706101080994,1
services,7,0,952000.0,3,0,3,836000.0,709000.0,127000.0,0,49,1,228000.0,1805000.0,0.2727272727272727,5.556792146997968,0
services,1,0,1445000.0,5,0,1,1107000.0,1078000.0,29000.0,0,12,0,0.0,1210000.0,0.0,10.974041028444915,1
retail_wholesale,3,0,254000.0,3,1,3,181000.0,142000.0,39000.0,0,36,0,0.0,2924000.0,0.0,0.742730054622333,1
food,1,0,217000.0,3,0,1,166000.0,142000.0,24000.0,0,12,1,12000.0,5004000.0,0.07228915662650602,0.3980706519085417,1
light_manufacturing,12,0,3265000.0,5,0,2,1685000.0,1326000.0,359000.0,0,144,0,0.0,4249000.0,0.0,4.7584052976279345,1
services,3,0,719000.0,3,0,3,633000.0,444000.0,189000.0,0,35,0,0.0,1966000.0,0.0,3.8646649110800624,1
services,9,0,349000.0,2,0,9,308000.0,302000.0,6000.0,1,108,0,0.0,1209000.0,0.0,3.056354898594757,1
services,1,1,349000.0,6,0,1,213000.0,163000.0,50000.0,0,12,0,0.0,2010000.0,0.0,1.2717299683767638,1
services,16,0,340000.0,5,1,16,255000.0,248000.0,7000.0,0,56,0,0.0,4580000.0,0.0,0.6681755856232491,1
retail_wholesale,6,0,320000.0,4,1,6,186000.0,164000.0,22000.0,0,45,0,0.0,1573000.0,0.0,1.4191542888632143,0
textiles,6,1,180000.0,5,0,6,130000.0,124000.0,6000.0,0,72,0,0.0,673000.0,0.0,2.318211674108223,1
retail_wholesale,1,0,145000.0,6,0,1,117000.0,114000.0,3000.0,0,12,0,0.0,1611000.0,0.0,0.871258707265093,1
services,2,0,535000.0,3,0,2,468000.0,402000.0,66000.0,0,24,1,65000.0,1692000.0,0.1388888888888889,3.319744885491749,1
light_manufacturing,5,1,359000.0,2,1,5,228000.0,223000.0,5000.0,0,60,0,0.0,671000.0,0.0,4.0801294504411905,1
food,2,0,1967000.0,4,1,2,1529000.0,1399000.0,130000.0,2,24,0,0.0,2299000.0,0.0,7.981696612735139,1
retail_wholesale,12,0,871000.0,3,0,7,685000.0,580000.0,105000.0,0,27,0,0.0,2709000.0,0.0,3.03381295853871,1
retail_wholesale,6,0,847000.0,2,0,3,499000.0,441000.0,58000.0,0,72,0,0.0,6105000.0,0.0,0.9808602532839213,1
light_manufacturing,2,1,309000.0,3,1,2,232000.0,175000.0,57000.0,2,24,0,0.0,899000.0,0.0,3.0961757967705945,1
retail_wholesale,10,1,576000.0,5,1,10,439000.0,309000.0,130000.0,0,120,0,0.0,3100000.0,0.0,1.699256401602056,1
retail_wholesale,4,0,933000.0,6,0,4,751000.0,580000.0,171000.0,2,48,0,0.0,3572000.0,0.0,2.522645497099531,1
retail_wholesale,10,1,1330000.0,3,0,10,1197000.0,984000.0,213000.0,0,32,1,181000.0,2732000.0,0.15121136173767752,5.258287152137066,1
retail_wholesale,4,1,592000.0,4,0,4,305000.0,233000.0,72000.0,0,48,0,0.0,1093000.0,0.0,3.3481131439980403,1
food,9,1,1912000.0,3,0,9,1111000.0,938000.0,173000.0,0,24,1,201000.0,1056000.0,0.18091809180918092,12.62875034819044,1
food,4,1,655000.0,5,0,4,366000.0,324000.0,42000.0,0,48,0,0.0,2120000.0,0.0,2.0715963057384785,1
retail_wholesale,12,0,1436000.0,3,1,10,807000.0,713000.0,94000.0,3,35,1,148000.0,2111000.0,0.18339529120198264,4.586977280613415,1
retail_wholesale,1,0,398000.0,4,0,1,271000.0,258000.0,13000.0,0,12,0,0.0,1430000.0,0.0,2.2745524457411497,1
retail_wholesale,2,0,106000.0,12,0,2,90000.0,87000.0,3000.0,0,24,0,0.0,4341000.0,0.0,0.2487844680434784,0
retail_wholesale,5,0,850000.0,7,0,5,578000.0,549000.0,29000.0,0,60,0,0.0,1573000.0,0.0,4.410680599103885,1
retail_wholesale,3,0,1343000.0,2,0,3,1030000.0,900000.0,130000.0,3,36,0,0.0,642000.0,0.0,19.250532408601572,0
services,4,1,1156000.0,2,0,4,752000.0,570000.0,182000.0,0,48,0,0.0,1748000.0,0.0,5.161227417931622,1
retail_wholesale,9,1,991000.0,6,0,5,622000.0,600000.0,22000.0,0,99,0,0.0,2668000.0,0.0,2.7976513847482525,1
retail_wholesale,4,1,459000.0,1,1,4,382000.0,286000.0,96000.0,4,48,0,0.0,2455000.0,0.0,1.866841765491908,0
retail_wholesale,7,1,290000.0,10,0,0,221000.0,164000.0,57000.0,0,84,0,0.0,2444000.0,0.0,1.0850578889929463,1
retail_wholesale,3,1,1129000.0,1,1,3,723000.0,570000.0,153000.0,0,36,0,0.0,4901000.0,0.0,1.7700716107013161,1
retail_wholesale,1,1,996000.0,4,1,1,862000.0,742000.0,120000.0,0,12,0,0.0,1025000.0,0.0,10.095944453293763,1
retail_wholesale,10,1,371000.0,3,0,10,259000.0,231000.0,28000.0,0,120,0,0.0,1551000.0,0.0,2.0038238115229765,1
services,18,0,1971000.0,4,0,11,1134000.0,798000.0,336000.0,1,91,0,0.0,5054000.0,0.0,2.6925218677094196,1
retail_wholesale,7,0,269000.0,6,0,4,186000.0,171000.0,15000.0,0,84,0,0.0,614000.0,0.0,3.633370740766113,1
food,5,0,363000.0,3,0,2,279000.0,209000.0,70000.0,3,60,1,55000.0,1937000.0,0.1971326164874552,1.7288088414142366,1
food,6,0,3339000.0,4,0,4,2160000.0,1691000.0,469000.0,0,72,0,0.0,4181000.0,0.0,6.1997875279721075,1
retail_wholesale,15,0,1549000.0,4,1,7,1298000.0,1026000.0,272000.0,0,178,0,0.0,4144000.0,0.0,3.759080339587865,1
retail_wholesale,7,1,454000.0,6,0,0,324000.0,257000.0,67000.0,1,20,0,0.0,2972000.0,0.0,1.3082336679877735,0
services,10,0,866000.0,8,0,10,595000.0,543000.0,52000.0,0,112,0,0.0,3017000.0,0.0,2.366239567683757,1
services,10,1,759000.0,5,0,5,640000.0,455000.0,185000.0,0,28,0,0.0,1071000.0,0.0,7.171294917256243,1
retail_wholesale,12,0,100000.0,5,0,7,69000.0,52000.0,17000.0,0,144,0,0.0,4559000.0,0.0,0.18162783365859203,1
retail_wholesale,5,1,263000.0,4,0,5,175000.0,124000.0,51000.0,0,60,0,0.0,973000.0,0.0,2.157234745135267,1
retail_wholesale,4,0,618000.0,5,1,4,335000.0,308000.0,27000.0,2,48,1,152000.0,1009000.0,0.4537313432835821,3.984383255220198,0
food,9,1,455000.0,1,0,9,293000.0,286000.0,7000.0,0,24,0,0.0,2524000.0,0.0,1.3929897277314043,1
services,12,0,832000.0,4,1,3,548000.0,485000.0,63000.0,0,144,1,87000.0,1488000.0,0.15875912408759124,4.4197722809893945,1
retail_wholesale,13,0,2011000.0,2,1,7,1151000.0,996000.0,155000.0,0,80,0,0.0,2264000.0,0.0,6.100511252447862,1
retail_wholesale,16,0,471000.0,5,1,14,346000.0,330000.0,16000.0,0,70,0,0.0,2590000.0,0.0,1.6031696770847708,1
light_manufacturing,11,0,226000.0,2,1,1,126000.0,97000.0,29000.0,0,30,0,0.0,5813000.0,0.0,0.2601284461173122,1
retail_wholesale,4,0,899000.0,2,0,4,530000.0,381000.0,149000.0,3,48,1,56000.0,2594000.0,0.10566037735849057,2.4513685132618686,0
food,7,1,469000.0,3,0,7,340000.0,287000.0,53000.0,0,68,1,35000.0,1380000.0,0.10294117647058823,2.9566899732684218,1
services,6,0,556000.0,3,0,6,338000.0,261000.0,77000.0,0,72,0,0.0,3001000.0,0.0,1.351421918103675,1
retail_wholesale,6,0,486000.0,4,0,6,367000.0,303000.0,64000.0,0,72,0,0.0,1214000.0,0.0,3.627046056116097,1
retail_wholesale,9,1,6117000.0,4,0,8,4748000.0,3930000.0,818000.0,0,7,0,0.0,3459000.0,0.0,16.47080848537315,1
retail_wholesale,5,1,100000.0,5,1,5,62000.0,49000.0,13000.0,0,60,0,0.0,2079000.0,0.0,0.35785114453029976,1
services,5,0,441000.0,4,1,2,236000.0,197000.0,39000.0,0,60,0,0.0,2543000.0,0.0,1.113501667870669,0
retail_wholesale,19,0,648000.0,6,0,1,451000.0,364000.0,87000.0,0,10,0,0.0,687000.0,0.0,7.876344623813876,1
retail_wholesale,6,0,298000.0,5,0,5,160000.0,117000.0,43000.0,0,72,1,70000.0,518000.0,0.4375,3.7047855009387733,0
retail_wholesale,12,0,1598000.0,6,0,10,1129000.0,1064000.0,65000.0,1,54,0,0.0,812000.0,0.0,16.675595342176972,1
retail_wholesale,13,0,1466000.0,5,1,10,1159000.0,1039000.0,120000.0,0,156,0,0.0,5701000.0,0.0,2.4396498384300522,1
textiles,7,0,620000.0,1,0,4,464000.0,330000.0,134000.0,0,84,1,49000.0,1004000.0,0.10560344827586207,5.544362446926657,1
retail_wholesale,5,1,496000.0,4,0,5,337000.0,247000.0,90000.0,0,55,0,0.0,3104000.0,0.0,1.303041620129361,1
textiles,3,0,581000.0,4,0,3,510000.0,371000.0,139000.0,0,36,0,0.0,1361000.0,0.0,4.497670496567169,1
textiles,1,0,585000.0,3,1,1,316000.0,227000.0,89000.0,0,12,0,0.0,1732000.0,0.0,2.189699814359029,1
services,9,1,601000.0,2,0,4,512000.0,367000.0,145000.0,0,45,1,100000.0,1947000.0,0.1953125,3.155544197141281,1
retail_wholesale,8,0,539000.0,7,0,8,442000.0,329000.0,113000.0,0,96,0,0.0,5362000.0,0.0,0.9891067811672907,1
services,10,1,837000.0,3,0,10,559000.0,524000.0,35000.0,0,120,1,88000.0,2840000.0,0.15742397137745975,2.361862127354692,1
textiles,4,0,1380000.0,3,0,4,775000.0,722000.0,53000.0,0,48,0,0.0,2520000.0,0.0,3.6908151274568266,0
retail_wholesale,21,0,190000.0,5,0,1,107000.0,98000.0,9000.0,2,106,0,0.0,4354000.0,0.0,0.29488022130803326,1
services,8,0,227000.0,6,1,8,197000.0,172000.0,25000.0,4,96,0,0.0,1368000.0,0.0,1.7282788644314717,1
services,5,0,113000.0,6,0,5,67000.0,60000.0,7000.0,2,60,0,0.0,3797000.0,0.0,0.2117584635871016,1
retail_wholesale,1,0,1546000.0,3,1,1,1313000.0,1191000.0,122000.0,0,12,1,161000.0,3435000.0,0.12261995430312261,4.587304090742186,1
services,4,0,835000.0,5,0,4,586000.0,556000.0,30000.0,1,48,0,0.0,3411000.0,0.0,2.061397935006481,1
food,11,0,1077000.0,5,0,1,738000.0,668000.0,70000.0,0,132,0,0.0,1822000.0,0.0,4.859609265297142,1
textiles,15,0,156000.0,5,0,3,116000.0,105000.0,11000.0,0,178,0,0.0,1538000.0,0.0,0.9048223244048694,1
light_manufacturing,6,1,3874000.0,2,0,6,2270000.0,2100000.0,170000.0,3,29,0,0.0,1187000.0,0.0,22.952652055934127,0
retail_wholesale,17,1,354000.0,4,0,3,237000.0,203000.0,34000.0,1,100,0,0.0,1232000.0,0.0,2.307982463225119,0
services,3,0,769000.0,3,0,3,673000.0,511000.0,162000.0,0,7,0,0.0,1154000.0,0.0,7.000330838110881,1
retail_wholesale,8,1,1527000.0,7,0,8,909000.0,658000.0,251000.0,3,78,0,0.0,2492000.0,0.0,4.376461964605095,0
services,8,1,242000.0,3,0,4,210000.0,172000.0,38000.0,0,96,0,0.0,1744000.0,0.0,1.4450060507493643,1
textiles,9,1,376000.0,5,0,2,338000.0,245000.0,93000.0,0,74,0,0.0,2591000.0,0.0,1.565507366221781,1
retail_wholesale,7,0,778000.0,3,0,7,405000.0,303000.0,102000.0,0,84,1,186000.0,2680000.0,0.45925925925925926,1.8133247623815967,0
retail_wholesale,8,1,11321000.0,5,0,8,8067000.0,5701000.0,2366000.0,0,96,0,0.0,1059000.0,0.0,91.413646060215,1
retail_wholesale,2,0,878000.0,5,1,2,500000.0,392000.0,108000.0,3,24,0,0.0,1040000.0,0.0,5.768853773042404,1
retail_wholesale,14,0,3240000.0,5,0,6,2426000.0,2357000.0,69000.0,0,168,0,0.0,1744000.0,0.0,16.696506562304283,1
retail_wholesale,11,0,2170000.0,6,1,11,1944000.0,1567000.0,377000.0,0,132,0,0.0,1256000.0,0.0,18.570598596326644,1
retail_wholesale,8,1,939000.0,2,1,8,807000.0,619000.0,188000.0,1,96,1,56000.0,1179000.0,0.06939281288723669,8.21182461880431,1
retail_wholesale,12,0,242000.0,2,0,3,210000.0,171000.0,39000.0,2,144,0,0.0,5532000.0,0.0,0.45552691073307405,1
retail_wholesale,15,1,1876000.0,5,0,15,1098000.0,861000.0,237000.0,2,139,0,0.0,797000.0,0.0,16.53141773324937,1
services,9,0,145000.0,5,0,9,104000.0,92000.0,12000.0,3,76,0,0.0,6733000.0,0.0,0.18536219316997377,0
services,22,1,3222000.0,4,0,16,1914000.0,1680000.0,234000.0,2,76,0,0.0,2379000.0,0.0,9.656477486020552,1
services,10,0,794000.0,5,1,3,683000.0,483000.0,200000.0,0,120,0,0.0,3614000.0,0.0,2.2676772732740296,1
retail_wholesale,3,1,100000.0,5,1,3,58000.0,49000.0,9000.0,0,19,0,0.0,3367000.0,0.0,0.20668642494552789,1
services,7,0,462000.0,5,1,3,260000.0,185000.0,75000.0,2,84,0,0.0,2896000.0,0.0,1.0773564562910172,1
textiles,12,1,1250000.0,5,1,12,631000.0,561000.0,70000.0,0,83,0,0.0,5421000.0,0.0,1.3968378079738688,1
retail_wholesale,15,0,513000.0,4,0,1,294000.0,283000.0,11000.0,0,179,0,0.0,1045000.0,0.0,3.377156119844089,1
retail_wholesale,7,0,1329000.0,5,0,1,765000.0,730000.0,35000.0,0,83,0,0.0,1821000.0,0.0,5.0415171103172325,1
services,3,1,278000.0,5,0,3,148000.0,112000.0,36000.0,0,36,1,65000.0,1199000.0,0.4391891891891892,1.4813067116442065,0
retail_wholesale,5,1,176000.0,4,1,5,149000.0,135000.0,14000.0,0,15,0,0.0,723000.0,0.0,2.4734111117373265,1
food,2,1,605000.0,3,0,2,491000.0,453000.0,38000.0,2,24,1,119000.0,1345000.0,0.24236252545824846,4.380631925348332,0
light_manufacturing,10,1,671000.0,6,1,6,404000.0,381000.0,23000.0,0,120,0,0.0,6151000.0,0.0,0.788116309815757,1
retail_wholesale,4,0,459000.0,1,0,4,373000.0,288000.0,85000.0,0,48,0,0.0,1802000.0,0.0,2.483484534735101,1
retail_wholesale,3,0,2218000.0,3,0,3,1483000.0,1225000.0,258000.0,0,36,0,0.0,6575000.0,0.0,2.706664606564546,1
light_manufacturing,11,1,278000.0,5,1,9,225000.0,171000.0,54000.0,1,132,0,0.0,6991000.0,0.0,0.38620316815531514,0
textiles,17,0,889000.0,2,0,11,559000.0,395000.0,164000.0,0,200,1,187000.0,12064000.0,0.334525939177102,0.5560347121162221,1
retail_wholesale,3,1,696000.0,7,0,3,505000.0,447000.0,58000.0,0,31,0,0.0,6274000.0,0.0,0.9658630819397312,1
services,7,0,137000.0,3,1,5,89000.0,73000.0,16000.0,0,84,0,0.0,8232000.0,0.0,0.12973795946208355,1
services,5,0,174000.0,5,0,3,100000.0,77000.0,23000.0,0,58,1,34000.0,2431000.0,0.34,0.4936511682365742,0
textiles,15,0,658000.0,3,0,14,483000.0,453000.0,30000.0,0,56,0,0.0,2294000.0,0.0,2.5269774473342843,1
textiles,6,0,4713000.0,6,1,3,3772000.0,3164000.0,608000.0,0,72,0,0.0,2387000.0,0.0,18.962459659133273,1
retail_wholesale,2,0,1160000.0,2,1,2,930000.0,910000.0,20000.0,0,24,0,0.0,2000000.0,0.0,5.579791742850896,1
retail_wholesale,6,0,116000.0,2,0,6,74000.0,68000.0,6000.0,0,72,0,0.0,2188000.0,0.0,0.40586747145738794,1
textiles,13,1,100000.0,6,0,9,71000.0,67000.0,4000.0,0,66,0,0.0,3141000.0,0.0,0.2712741158269795,1
retail_wholesale,5,0,1353000.0,3,0,5,1090000.0,999000.0,91000.0,0,60,0,0.0,1512000.0,0.0,8.648863098853136,1
services,4,0,590000.0,4,0,4,308000.0,225000.0,83000.0,2,48,0,0.0,875000.0,0.0,4.223560598027202,0
services,5,0,2035000.0,4,0,5,1076000.0,773000.0,303000.0,1,56,1,338000.0,2488000.0,0.3141263940520446,5.1905447463149725,1
retail_wholesale,2,1,269000.0,2,0,2,175000.0,167000.0,8000.0,0,24,0,0.0,1320000.0,0.0,1.5911755214963823,1
textiles,5,1,923000.0,3,1,5,544000.0,402000.0,142000.0,0,60,0,0.0,1404000.0,0.0,4.648374253597435,1
retail_wholesale,4,0,1515000.0,6,0,4,985000.0,797000.0,188000.0,0,48,0,0.0,1836000.0,0.0,6.438514009385199,1
services,25,0,416000.0,4,0,3,223000.0,194000.0,29000.0,0,231,0,0.0,1600000.0,0.0,1.6727381481826429,1
retail_wholesale,1,0,424000.0,3,0,1,313000.0,238000.0,75000.0,1,12,0,0.0,3893000.0,0.0,0.9648157633064036,1
textiles,3,0,667000.0,6,0,3,512000.0,391000.0,121000.0,0,36,0,0.0,1810000.0,0.0,3.395237583584601,1
textiles,4,0,1118000.0,3,1,4,913000.0,758000.0,155000.0,0,48,0,0.0,4013000.0,0.0,2.7304605322860587,1
retail_wholesale,3,1,641000.0,7,0,3,487000.0,390000.0,97000.0,2,36,0,0.0,2263000.0,0.0,2.5822434205867295,1
services,8,0,1722000.0,7,0,3,1134000.0,1009000.0,125000.0,1,96,0,0.0,1897000.0,0.0,7.175181630602865,1
services,3,1,410000.0,5,1,3,358000.0,258000.0,100000.0,2,36,0,0.0,2199000.0,0.0,1.9534653244355529,1
textiles,1,1,172000.0,5,1,1,136000.0,114000.0,22000.0,2,12,0,0.0,921000.0,0.0,1.771164065235492,1
services,6,1,4694000.0,2,0,6,3337000.0,2499000.0,838000.0,0,62,0,0.0,2450000.0,0.0,16.346034918704724,1
light_manufacturing,5,0,355000.0,7,0,5,207000.0,180000.0,27000.0,0,46,0,0.0,3329000.0,0.0,0.746178378360414,1
retail_wholesale,3,0,368000.0,3,0,3,280000.0,205000.0,75000.0,0,36,0,0.0,3624000.0,0.0,0.9270790307895512,1
food,15,0,609000.0,1,1,4,448000.0,338000.0,110000.0,0,40,0,0.0,889000.0,0.0,6.050263796912457,1
retail_wholesale,8,1,695000.0,8,0,3,538000.0,498000.0,40000.0,0,96,1,137000.0,804000.0,0.25464684014869887,8.0305327583448,1
services,8,0,442000.0,4,1,2,359000.0,275000.0,84000.0,0,96,0,0.0,1449000.0,0.0,2.972542638440009,1
food,8,0,639000.0,2,1,8,553000.0,501000.0,52000.0,0,96,0,0.0,4590000.0,0.0,1.445658282962637,1
retail_wholesale,8,0,625000.0,3,0,8,549000.0,426000.0,123000.0,1,96,0,0.0,2284000.0,0.0,2.884978350023519,1
retail_wholesale,5,0,774000.0,4,1,5,582000.0,446000.0,136000.0,0,60,0,0.0,1256000.0,0.0,5.558297085851784,1
services,3,0,100000.0,3,0,3,89000.0,70000.0,19000.0,0,36,0,0.0,836000.0,0.0,1.2768603843933828,1
retail_wholesale,6,0,4264000.0,10,0,6,3686000.0,3489000.0,197000.0,2,72,0,0.0,1327000.0,0.0,33.33790077382326,1
services,5,0,561000.0,4,1,5,281000.0,228000.0,53000.0,1,60,0,0.0,1274000.0,0.0,2.6466363627624268,1
retail_wholesale,1,0,1162000.0,4,1,1,877000.0,674000.0,203000.0,0,12,0,0.0,3506000.0,0.0,3.0015852069545508,1
light_manufacturing,2,1,164000.0,4,0,2,94000.0,80000.0,14000.0,0,8,1,26000.0,3672000.0,0.2765957446808511,0.3072088169484848,0
retail_wholesale,4,1,406000.0,3,1,4,251000.0,203000.0,48000.0,2,48,0,0.0,1065000.0,0.0,2.8275150527569304,0
retail_wholesale,11,1,332000.0,6,1,2,205000.0,189000.0,16000.0,0,53,0,0.0,3143000.0,0.0,0.7827941884326345,1
services,7,0,2826000.0,3,0,7,1959000.0,1915000.0,44000.0,0,84,0,0.0,2955000.0,0.0,7.954513226133499,1
services,3,0,362000.0,5,1,2,182000.0,154000.0,28000.0,3,9,0,0.0,985000.0,0.0,2.2162561784131665,0
retail_wholesale,2,0,1387000.0,4,0,2,824000.0,681000.0,143000.0,0,24,0,0.0,1902000.0,0.0,5.198998128623155,1
food,13,0,339000.0,1,0,13,174000.0,139000.0,35000.0,0,98,1,80000.0,2454000.0,0.45977011494252873,0.8509239639725961,0
services,5,1,413000.0,1,1,5,314000.0,305000.0,9000.0,0,60,0,0.0,2206000.0,0.0,1.7082268879523828,1
services,1,0,508000.0,5,0,1,435000.0,363000.0,72000.0,0,12,1,28000.0,717000.0,0.06436781609195402,7.28396143536016,1
retail_wholesale,5,1,2347000.0,5,0,1,2110000.0,1582000.0,528000.0,0,14,1,390000.0,2164000.0,0.1848341232227488,11.701744625828033,0
food,10,0,100000.0,7,0,10,68000.0,66000.0,2000.0,0,120,1,11000.0,2930000.0,0.16176470588235295,0.2785251163120019,1
services,2,1,174000.0,3,1,2,105000.0,102000.0,3000.0,0,24,0,0.0,5160000.0,0.0,0.24419407978182606,1
services,6,0,100000.0,4,0,1,84000.0,69000.0,15000.0,0,72,1,8000.0,1339000.0,0.09523809523809523,0.7528386948304999,0
services,7,0,219000.0,7,1,7,119000.0,95000.0,24000.0,1,84,0,0.0,1442000.0,0.0,0.9904455142108318,1
textiles,2,0,289000.0,4,0,2,257000.0,229000.0,28000.0,2,24,0,0.0,1764000.0,0.0,1.7478742489135017,0
retail_wholesale,14,1,129000.0,3,1,10,102000.0,95000.0,7000.0,0,57,1,14000.0,2382000.0,0.13725490196078433,0.5138866571317883,0
services,7,0,312000.0,2,0,7,219000.0,184000.0,35000.0,1,84,0,0.0,2120000.0,0.0,1.239694848594474,1
services,4,0,100000.0,1,1,4,54000.0,43000.0,11000.0,0,48,0,0.0,2874000.0,0.0,0.22546359913591957,1
services,5,0,235000.0,5,0,5,119000.0,93000.0,26000.0,0,60,0,0.0,1018000.0,0.0,1.4024765087029631,1
retail_wholesale,2,0,2159000.0,8,0,2,1550000.0,1227000.0,323000.0,0,24,0,0.0,2538000.0,0.0,7.329462515811259,1
retail_wholesale,2,1,973000.0,4,0,2,648000.0,475000.0,173000.0,1,24,0,0.0,1281000.0,0.0,6.069183698542983,1
services,4,0,784000.0,5,1,4,656000.0,602000.0,54000.0,0,48,0,0.0,1835000.0,0.0,4.289479171922076,1
retail_wholesale,4,1,238000.0,5,0,4,180000.0,131000.0,49000.0,0,48,0,0.0,5573000.0,0.0,0.38757452146613913,1
light_manufacturing,5,1,140000.0,8,0,5,94000.0,76000.0,18000.0,0,60,1,24000.0,864000.0,0.2553191489361702,1.3050543113162645,1
retail_wholesale,15,0,208000.0,3,0,1,123000.0,115000.0,8000.0,0,68,0,0.0,1691000.0,0.0,0.8727283208790622,1
services,9,0,623000.0,4,0,6,431000.0,350000.0,81000.0,0,108,1,131000.0,931000.0,0.3039443155452436,5.55611844875954,0
services,1,1,1549000.0,3,1,1,875000.0,685000.0,190000.0,0,12,0,0.0,2192000.0,0.0,4.789314506408738,0
retail_wholesale,13,1,1603000.0,5,0,13,1229000.0,1187000.0,42000.0,1,127,0,0.0,3751000.0,0.0,3.9314981055226887,0
retail_wholesale,4,1,1221000.0,3,1,4,906000.0,666000.0,240000.0,0,48,1,132000.0,2214000.0,0.1456953642384106,4.909884533751408,1
textiles,10,1,311000.0,6,1,10,256000.0,243000.0,13000.0,0,120,1,51000.0,1865000.0,0.19921875,1.6474211843853628,1
textiles,4,0,666000.0,2,1,4,453000.0,325000.0,128000.0,1,48,0,0.0,4438000.0,0.0,1.2248947455408592,1
retail_wholesale,6,1,471000.0,5,0,6,288000.0,235000.0,53000.0,1,72,0,0.0,2439000.0,0.0,1.4171718199800931,1
textiles,2,0,532000.0,2,0,2,444000.0,389000.0,55000.0,2,24,0,0.0,3270000.0,0.0,1.629200036003588,1
light_manufacturing,7,1,4985000.0,4,0,7,3870000.0,3110000.0,760000.0,0,84,1,1195000.0,3072000.0,0.3087855297157623,15.117598732676116,1
food,11,1,112000.0,3,1,2,87000.0,74000.0,13000.0,0,33,0,0.0,500000.0,0.0,2.088,0
retail_wholesale,1,0,514000.0,6,0,1,366000.0,277000.0,89000.0,1,12,1,54000.0,1910000.0,0.14754098360655737,2.2993783574186497,1
retail_wholesale,11,1,2184000.0,3,0,0,1857000.0,1596000.0,261000.0,0,132,0,0.0,1047000.0,0.0,21.275718223529655,1
retail_wholesale,3,0,150000.0,5,0,3,89000.0,66000.0,23000.0,0,36,0,0.0,1216000.0,0.0,0.8782980278070021,0
retail_wholesale,18,0,341000.0,2,1,1,226000.0,209000.0,17000.0,0,87,0,0.0,4845000.0,0.0,0.5597794148664202,1
retail_wholesale,10,0,383000.0,3,0,10,313000.0,270000.0,43000.0,0,90,0,0.0,1597000.0,0.0,2.351587678668085,1
services,9,0,520000.0,4,0,0,288000.0,240000.0,48000.0,0,108,0,0.0,6226000.0,0.0,0.5551170719102095,1
retail_wholesale,5,1,132000.0,3,0,5,108000.0,77000.0,31000.0,0,60,0,0.0,859000.0,0.0,1.5079460144862535,0
light_manufacturing,25,0,1179000.0,3,0,8,756000.0,635000.0,121000.0,0,137,0,0.0,1044000.0,0.0,8.690652602787031,1
retail_wholesale,4,0,1266000.0,5,1,4,696000.0,597000.0,99000.0,0,48,1,305000.0,3160000.0,0.4382183908045977,2.6430761680943657,1
retail_wholesale,2,0,1081000.0,4,0,2,575000.0,445000.0,130000.0,0,19,1,104000.0,1630000.0,0.1808695652173913,4.234211579052535,0
services,3,1,272000.0,2,1,3,228000.0,203000.0,25000.0,1,36,0,0.0,2405000.0,0.0,1.1376371286537637,1
services,12,1,709000.0,4,0,12,575000.0,415000.0,160000.0,0,20,0,0.0,1870000.0,0.0,3.690486628003626,1
retail_wholesale,6,1,264000.0,4,0,6,163000.0,124000.0,39000.0,0,72,0,0.0,1836000.0,0.0,1.0653465377918279,1
retail_wholesale,6,1,466000.0,6,1,6,255000.0,231000.0,24000.0,0,16,0,0.0,1666000.0,0.0,1.8364041195101324,1
retail_wholesale,4,0,5600000.0,4,0,4,3354000.0,2486000.0,868000.0,0,36,0,0.0,2227000.0,0.0,18.069349704571465,1
food,5,1,715000.0,6,1,5,419000.0,322000.0,97000.0,3,48,0,0.0,2939000.0,0.0,1.7106820277799302,1
food,4,1,198000.0,5,1,4,157000.0,139000.0,18000.0,0,48,0,0.0,5269000.0,0.0,0.3575774507029812,1
retail_wholesale,9,1,778000.0,3,0,7,456000.0,412000.0,44000.0,0,100,0,0.0,1771000.0,0.0,3.0894853417385844,1
retail_wholesale,5,0,168000.0,4,0,1,99000.0,71000.0,28000.0,0,60,1,29000.0,1579000.0,0.29292929292929293,0.7522451714987846,0
food,3,1,196000.0,1,0,2,101000.0,74000.0,27000.0,0,36,0,0.0,1462000.0,0.0,0.8291133857804908,1
light_manufacturing,11,0,229000.0,4,0,1,170000.0,140000.0,30000.0,0,129,0,0.0,4831000.0,0.0,0.42228802007590793,1
services,2,1,417000.0,2,1,0,323000.0,280000.0,43000.0,1,24,0,0.0,3026000.0,0.0,1.2807701481017817,1
food,6,0,1659000.0,3,0,3,1263000.0,1045000.0,218000.0,0,72,0,0.0,640000.0,0.0,23.680913081545608,1
retail_wholesale,1,1,1159000.0,4,0,1,843000.0,743000.0,100000.0,1,12,0,0.0,623000.0,0.0,16.229710920291932,0
retail_wholesale,2,0,1097000.0,1,1,2,972000.0,886000.0,86000.0,0,24,0,0.0,1215000.0,0.0,9.59646424102609,0
retail_wholesale,4,1,217000.0,1,0,4,149000.0,144000.0,5000.0,0,48,0,0.0,2296000.0,0.0,0.7786942735842514,1
services,4,1,378000.0,3,0,4,319000.0,255000.0,64000.0,1,29,0,0.0,1960000.0,0.0,1.9528256530580577,0
services,4,1,853000.0,3,1,4,647000.0,482000.0,165000.0,0,48,0,0.0,2724000.0,0.0,2.850468462673206,1
services,10,1,347000.0,1,0,2,185000.0,143000.0,42000.0,2,120,0,0.0,1800000.0,0.0,1.2332168500720035,1
light_manufacturing,11,1,492000.0,2,0,11,405000.0,300000.0,105000.0,0,35,1,84000.0,4626000.0,0.2074074074074074,1.0506825436182048,1
light_manufacturing,7,0,1011000.0,2,1,6,742000.0,601000.0,141000.0,0,30,0,0.0,3179000.0,0.0,2.801308434728985,1
light_manufacturing,2,0,459000.0,8,0,2,349000.0,330000.0,19000.0,0,24,0,0.0,2095000.0,0.0,1.998766315888642,1
retail_wholesale,5,1,815000.0,2,1,5,466000.0,371000.0,95000.0,0,34,0,0.0,3976000.0,0.0,1.406333785577873,1
retail_wholesale,20,0,3196000.0,3,1,17,2157000.0,1600000.0,557000.0,1,148,0,0.0,744000.0,0.0,34.807106344121266,1
retail_wholesale,25,0,547000.0,5,0,5,466000.0,394000.0,72000.0,0,88,0,0.0,1900000.0,0.0,2.942426708588437,1
textiles,11,1,2114000.0,3,0,11,1239000.0,1211000.0,28000.0,0,132,0,0.0,2172000.0,0.0,6.84526168564105,0
retail_wholesale,2,1,1137000.0,4,1,2,569000.0,428000.0,141000.0,1,24,0,0.0,2870000.0,0.0,2.3789583514017068,0
services,5,1,150000.0,7,0,1,90000.0,83000.0,7000.0,1,20,1,29000.0,715000.0,0.32222222222222224,1.5112142432301752,0
textiles,7,1,216000.0,4,0,1,150000.0,140000.0,10000.0,2,84,0,0.0,1711000.0,0.0,1.0522004399799343,1
textiles,6,0,282000.0,2,0,3,234000.0,190000.0,44000.0,2,72,0,0.0,2543000.0,0.0,1.1041202099957412,1
retail_wholesale,12,0,276000.0,3,0,12,209000.0,183000.0,26000.0,0,76,1,42000.0,2663000.0,0.20095693779904306,0.941803303411684,1
retail_wholesale,10,0,594000.0,2,0,7,515000.0,423000.0,92000.0,0,120,0,0.0,4075000.0,0.0,1.5166336670016263,1
retail_wholesale,2,0,1202000.0,6,1,0,820000.0,634000.0,186000.0,4,24,0,0.0,3158000.0,0.0,3.115548845372692,1
services,3,0,2280000.0,2,0,3,1497000.0,1227000.0,270000.0,0,36,0,0.0,1928000.0,0.0,9.315970675762516,1
textiles,11,1,885000.0,6,0,11,524000.0,381000.0,143000.0,0,88,0,0.0,2999000.0,0.0,2.097008122279538,1
services,15,1,416000.0,5,0,8,244000.0,219000.0,25000.0,2,43,0,0.0,1772000.0,0.0,1.6520064787818878,1
retail_wholesale,7,1,100000.0,4,1,7,79000.0,74000.0,5000.0,0,84,0,0.0,2184000.0,0.0,0.4340427146185059,1
retail_wholesale,16,1,698000.0,7,1,10,371000.0,292000.0,79000.0,2,192,1,169000.0,3222000.0,0.4555256064690027,1.3817141178467298,0
retail_wholesale,6,1,667000.0,6,1,6,398000.0,342000.0,56000.0,0,72,1,48000.0,1946000.0,0.12060301507537688,2.4537971243155217,0
services,3,0,780000.0,3,0,3,667000.0,510000.0,157000.0,2,36,0,0.0,2485000.0,0.0,3.220705479084753,1
services,9,1,5341000.0,2,0,9,3903000.0,2871000.0,1032000.0,0,47,0,0.0,3561000.0,0.0,13.153918458043298,1
retail_wholesale,25,1,2247000.0,3,0,6,1166000.0,1033000.0,133000.0,0,192,0,0.0,3066000.0,0.0,4.563270770830351,1
light_manufacturing,2,0,1425000.0,12,0,2,1114000.0,822000.0,292000.0,1,24,0,0.0,4192000.0,0.0,3.1887643708690776,1
retail_wholesale,16,1,248000.0,8,1,0,175000.0,161000.0,14000.0,0,167,1,24000.0,8087000.0,0.13714285714285715,0.2596868454143486,1
services,9,0,389000.0,4,1,9,328000.0,255000.0,73000.0,0,32,0,0.0,3049000.0,0.0,1.2907986490755343,1
retail_wholesale,3,1,591000.0,3,0,3,457000.0,425000.0,32000.0,2,36,1,40000.0,1516000.0,0.087527352297593,3.6163423409465736,0
retail_wholesale,1,0,299000.0,2,0,1,150000.0,120000.0,30000.0,3,12,0,0.0,2719000.0,0.0,0.6620234211106719,1
services,1,1,1072000.0,5,0,1,624000.0,501000.0,123000.0,3,12,1,99000.0,2650000.0,0.15865384615384615,2.8260034603225748,1
retail_wholesale,4,0,929000.0,2,1,4,560000.0,510000.0,50000.0,0,48,0,0.0,2890000.0,0.0,2.325266271524997,1
retail_wholesale,8,1,219000.0,8,0,2,171000.0,144000.0,27000.0,0,94,0,0.0,4905000.0,0.0,0.41838969269132564,1
retail_wholesale,11,1,2151000.0,2,0,5,1514000.0,1145000.0,369000.0,0,44,1,370000.0,728000.0,0.24438573315719947,24.952687445259222,1
retail_wholesale,13,0,720000.0,6,1,7,575000.0,539000.0,36000.0,0,69,0,0.0,4960000.0,0.0,1.3910674975536226,1
services,7,1,115000.0,2,1,7,81000.0,64000.0,17000.0,0,84,0,0.0,6070000.0,0.0,0.16012559932477413,1
services,6,1,617000.0,4,0,6,390000.0,284000.0,106000.0,0,72,0,0.0,2812000.0,0.0,1.6641400964072905,1
services,4,0,861000.0,2,0,4,466000.0,380000.0,86000.0,0,48,0,0.0,2853000.0,0.0,1.9599300339435226,1
retail_wholesale,8,1,1719000.0,6,0,8,999000.0,860000.0,139000.0,0,96,0,0.0,1730000.0,0.0,6.929210302532926,1
textiles,3,0,464000.0,2,0,3,306000.0,266000.0,40000.0,0,27,0,0.0,2008000.0,0.0,1.8290466929532783,0
retail_wholesale,2,0,1488000.0,4,0,1,1072000.0,1001000.0,71000.0,0,24,1,223000.0,3040000.0,0.2080223880597015,4.23132099550944,0
retail_wholesale,6,1,784000.0,5,1,6,686000.0,584000.0,102000.0,0,72,0,0.0,2925000.0,0.0,2.8144036230032397,1
retail_wholesale,10,0,174000.0,3,0,0,104000.0,79000.0,25000.0,1,36,1,24000.0,3082000.0,0.23076923076923078,0.40493417797004083,0
light_manufacturing,2,1,158000.0,3,0,2,121000.0,94000.0,27000.0,3,24,0,0.0,2913000.0,0.0,0.49847272405301857,0
services,4,0,1997000.0,5,0,4,1121000.0,816000.0,305000.0,0,48,0,0.0,3429000.0,0.0,3.923352935252429,1
services,6,1,2149000.0,2,0,2,1688000.0,1529000.0,159000.0,3,72,1,513000.0,3206000.0,0.30390995260663506,6.317443794275197,0
food,6,1,898000.0,3,0,6,453000.0,331000.0,122000.0,2,72,1,202000.0,1082000.0,0.445916114790287,5.025402322327897,0
food,9,1,2901000.0,4,1,9,2211000.0,1923000.0,288000.0,0,108,1,389000.0,3295000.0,0.1759384893713252,8.051380319550692,1
food,19,0,1870000.0,5,0,12,1057000.0,917000.0,140000.0,0,73,1,230000.0,6100000.0,0.21759697256385999,2.079322680413873,1
textiles,1,0,1288000.0,3,0,1,737000.0,678000.0,59000.0,0,12,0,0.0,1968000.0,0.0,4.493213438386986,1
retail_wholesale,20,0,261000.0,4,1,1,189000.0,136000.0,53000.0,0,227,1,53000.0,4918000.0,0.2804232804232804,0.46119387858067007,1
retail_wholesale,19,0,3672000.0,5,1,1,2387000.0,1807000.0,580000.0,0,28,0,0.0,1153000.0,0.0,24.83301447076888,1
retail_wholesale,11,0,1111000.0,2,0,11,765000.0,730000.0,35000.0,0,132,0,0.0,1965000.0,0.0,4.672702489469781,1
light_manufacturing,7,0,442000.0,6,1,2,276000.0,237000.0,39000.0,2,84,0,0.0,1361000.0,0.0,2.4329388917088313,1
food,3,0,333000.0,4,1,3,294000.0,243000.0,51000.0,0,31,1,67000.0,4575000.0,0.22789115646258504,0.7710910693824444,1
light_manufacturing,11,0,840000.0,5,0,10,518000.0,471000.0,47000.0,0,128,0,0.0,5352000.0,0.0,1.1614781949374724,1
retail_wholesale,7,1,122000.0,4,0,3,88000.0,84000.0,4000.0,4,14,0,0.0,1884000.0,0.0,0.560379344762914,0
textiles,5,0,1309000.0,3,0,5,1101000.0,852000.0,249000.0,3,60,0,0.0,4038000.0,0.0,3.271803668323125,1
retail_wholesale,11,0,250000.0,2,0,11,192000.0,183000.0,9000.0,1,132,1,51000.0,5384000.0,0.265625,0.42789543907717453,1
retail_wholesale,12,1,942000.0,4,0,12,592000.0,432000.0,160000.0,1,92,0,0.0,1961000.0,0.0,3.622854097460124,1
retail_wholesale,15,1,386000.0,5,0,1,278000.0,271000.0,7000.0,4,125,0,0.0,2162000.0,0.0,1.5430706146613125,1
retail_wholesale,3,1,499000.0,3,1,3,266000.0,198000.0,68000.0,0,36,0,0.0,3106000.0,0.0,1.0277082027256634,1
services,14,0,305000.0,4,0,14,219000.0,170000.0,49000.0,2,133,0,0.0,1206000.0,0.0,2.178417528777813,1
retail_wholesale,5,1,553000.0,3,1,5,372000.0,270000.0,102000.0,0,60,0,0.0,2137000.0,0.0,2.0893217408345985,1
textiles,7,0,4300000.0,6,0,7,3454000.0,3195000.0,259000.0,0,56,0,0.0,7234000.0,0.0,5.729453696356323,1
food,8,0,2597000.0,2,0,8,2179000.0,2126000.0,53000.0,0,96,0,0.0,1482000.0,0.0,17.648197214494147,1
retail_wholesale,13,0,927000.0,2,0,7,537000.0,421000.0,116000.0,0,89,0,0.0,3338000.0,0.0,1.9303600507896015,1
textiles,10,1,634000.0,1,0,6,338000.0,267000.0,71000.0,0,120,1,100000.0,2739000.0,0.2958579881656805,1.481073878211752,1
retail_wholesale,4,0,1512000.0,8,0,4,992000.0,772000.0,220000.0,0,48,0,0.0,1813000.0,0.0,6.566538589526217,1
light_manufacturing,1,0,2012000.0,4,0,1,1436000.0,1067000.0,369000.0,0,12,1,257000.0,2284000.0,0.1789693593314763,7.543059614351956,1
services,9,1,283000.0,4,1,9,184000.0,169000.0,15000.0,0,94,0,0.0,5724000.0,0.0,0.38572445681637924,1
services,7,1,602000.0,7,0,7,452000.0,324000.0,128000.0,0,84,0,0.0,2788000.0,0.0,1.9455176432126953,1
food,2,1,105000.0,4,1,2,74000.0,72000.0,2000.0,1,24,0,0.0,3062000.0,0.0,0.2900152153926727,0
retail_wholesale,7,1,1998000.0,1,0,7,1748000.0,1677000.0,71000.0,0,84,0,0.0,5226000.0,0.0,4.013703449956446,1
light_manufacturing,6,0,5126000.0,3,0,6,3402000.0,2494000.0,908000.0,0,72,1,318000.0,1681000.0,0.09347442680776014,24.282822937695567,1
retail_wholesale,15,0,704000.0,2,0,4,375000.0,318000.0,57000.0,0,180,1,159000.0,1067000.0,0.424,4.216811029308573,0
retail_wholesale,21,0,100000.0,7,1,19,62000.0,61000.0,1000.0,1,64,0,0.0,5779000.0,0.0,0.12875165828172755,1
retail_wholesale,12,0,1195000.0,7,0,12,887000.0,833000.0,54000.0,0,19,0,0.0,2171000.0,0.0,4.903435603415414,1
services,6,0,263000.0,5,0,6,159000.0,143000.0,16000.0,0,72,1,47000.0,3419000.0,0.29559748427672955,0.5580804688311052,0
textiles,6,0,335000.0,2,1,6,203000.0,143000.0,60000.0,0,20,0,0.0,1266000.0,0.0,1.9243873948675008,1
services,3,0,1216000.0,5,0,3,773000.0,556000.0,217000.0,2,36,0,0.0,2525000.0,0.0,3.6735829103885767,0
services,3,1,838000.0,4,0,3,669000.0,617000.0,52000.0,4,36,1,189000.0,1036000.0,0.2825112107623318,7.751977106073888,1
retail_wholesale,5,0,399000.0,2,1,4,350000.0,282000.0,68000.0,1,60,0,0.0,2078000.0,0.0,2.0212041363029303,1
light_manufacturing,5,1,339000.0,4,0,3,217000.0,193000.0,24000.0,1,60,0,0.0,1356000.0,0.0,1.9206342209249614,1
retail_wholesale,2,0,737000.0,4,0,2,426000.0,386000.0,40000.0,0,24,0,0.0,1181000.0,0.0,4.327699629559458,1
textiles,15,0,432000.0,3,1,9,288000.0,236000.0,52000.0,0,175,1,43000.0,1667000.0,0.14930555555555555,2.0726713281675684,1
retail_wholesale,16,0,214000.0,6,0,15,137000.0,101000.0,36000.0,0,129,0,0.0,505000.0,0.0,3.254437669842245,1
light_manufacturing,15,1,466000.0,6,1,9,418000.0,338000.0,80000.0,0,91,0,0.0,997000.0,0.0,5.030035719794328,1
retail_wholesale,17,0,913000.0,5,0,12,626000.0,591000.0,35000.0,4,7,1,168000.0,3198000.0,0.268370607028754,2.3488035423495273,0
